Média;Variância;Máximo;Energia;Skewness;Kurtosis;Label;;
-8.118.985.335.008.020;5.046.064.678.072.170;4.260.444.946.289.060;19.537.997.500.801.200;-1.530.589.925.348.110;8.882.906.101.681.730;1;;
-7.001.265.242.649.020;29.143.908.973.472.500;3.199.970.397.949.210;11.326.147.716.383.200;-0.1704711273813225;5.186.916.259.767.230;1;;
-8.304.564.051.812.360;4.730.422.291.647.730;4.120.397.644.042.960;1.834.326.122.547.210;0.0625620158823436;6.203.661.549.582.160;1;;
-6.039.108.876.714.380;3.363.004.739.217.490;3.598.050.537.109.370;12.992.795.648.576.000;0.5076174584439795;796.269.349.427.444;1;;
-4.586.326.802.973.810;29.343.152.640.890.300;3.229.173.278.808.590;11.295.346.391.472.200;0.7629874579992462;6.374.969.799.373.580;1;;
-8.532.183.873.260.020;236.221.132.882.267;4.549.830.322.265.620;930.660.627.257.553;-189.349.573.273.874;1.054.297.391.134.220;0;;
-7.259.698.458.883.000;20.236.319.528.339.200;2.628.168.029.785.150;7.935.753.037.121.800;-0.4793369429311144;4.334.523.228.627.930;1;;
-8.960.045.202.107.510;14.776.017.194.838.500;2.488.390.350.341.790;5.954.233.142.978.310;-1.875.898.074.190.080;7.132.226.525.787.410;0;;
-8.768.693.291.675.540;1.411.963.326.951.310;3.092.987.976.074.210;5.690.397.346.978.100;-22.742.811.120.791.200;93.225.916.272.922;0;;
-7.678.423.843.507.060;2.631.594.249.697.660;3.851.583.251.953.120;10.283.291.434.922.300;-0.5137717024845646;8.987.994.288.642.700;1;;
-6.130.517.767.613.030;35.499.013.168.366.400;2.980.102.233.886.710;13.711.366.007.184.100;-0.0566179493385878;3.813.993.485.586.240;1;;
-6.911.884.676.475.780;4.783.539.590.876.870;33.091.607.666.015.600;18.465.281.116.794.000;0.2721579346149532;3.670.186.338.875.180;1;;
-11.146.401.496.711.300;16.582.722.806.920.800;2.800.968.933.105.460;6.812.770.598.702.710;-22.310.992.213.173.400;7.164.198.140.567.250;0;;
-65.452.108.576.363.500;25.767.614.777.094.000;3.002.948.913.574.210;10.012.116.026.728.500;0.1381383861726854;696.132.408.708.595;1;;
-48.059.455.794.631.600;3.220.836.308.361.680;4.051.624.755.859.370;12.398.313.536.110.900;15.452.731.656.718.400;1.219.207.724.665.400;1;;
-9.175.812.459.832.720;3.066.677.557.175.140;33.697.857.666.015.600;12.042.636.955.610.400;-1.778.886.035.637.100;6.741.318.864.414.570;1;;
-5.584.092.096.038.540;4.429.512.251.488.440;293.690.185.546.875;17.048.773.752.289.400;0.958520128458449;5.049.035.286.473.600;1;;
-7.642.986.904.795.230;39.424.079.420.394.900;5.068.501.586.914.060;15.291.146.235.491.200;-0.0124512784786111;8.816.315.679.949.040;1;;
-7.746.675.665.524.150;4.141.768.415.024.610;2.827.275.390.625;1.605.920.086.256.300;-0.0304824153269964;3.789.220.655.152.510;1;;
-32.024.231.301.791.100;45.487.556.838.334.500;3.498.121.643.066.400;17.424.540.797.755.200;0.1108860016798853;4.339.177.451.025.090;1;;
-8.686.772.484.068.860;20.333.219.651.373.800;28.032.977.294.921.800;8.059.764.732.633.170;-16.097.506.441.310.200;65.171.575.329.734.600;0;;
-8.908.184.293.800.430;35.719.318.699.632.900;30.308.953.857.421.800;1.395.522.127.360.950;0.1427350461510032;7.607.065.598.649.110;1;;
-8.803.049.960.614.710;4.816.950.775.770.880;3.450.232.849.121.090;18.706.566.742.860.200;-0.1692732625941437;2.834.288.771.383.260;1;;
-922.182.692.005.818;22.796.586.336.725.900;3.702.471.618.652.340;903.788.617.254.036;-2.267.145.721.050.110;1.005.338.953.857.630;0;;
-8.237.706.133.964.780;3.506.203.231.761.400;33.385.430.908.203.100;13.660.068.916.372.100;-0.1105383587366425;4.584.223.511.036.680;1;;
-8.849.259.954.756.480;6.323.349.932.637.710;4.031.509.094.238.280;24.467.141.976.017.800;-0.0016258729167567;3.535.554.000.544.890;1;;
-7.829.285.402.465.920;1.268.377.248.386.690;29.635.906.982.421.800;5.082.017.690.622.460;-2.527.337.035.007.210;11.463.096.070.953.500;0;;
-10.774.718.083.902.000;27.059.128.256.132.100;3.401.923.522.949.210;10.785.712.188.781.700;-10.583.838.787.750.900;6.086.919.723.340.670;1;;
-857.651.673.735.079;1.838.219.114.829.260;3.654.113.464.355.460;73.068.069.324.581;-2.726.039.752.185.600;1.326.002.046.542.970;0;;
-9.605.149.606.832.460;13.618.534.977.778.700;2.854.291.687.011.710;5.557.617.580.368.990;-37.885.869.504.862.800;1.773.709.181.828.320;0;;
-6.633.124.384.958.110;1.196.716.886.720.570;2.564.052.734.375;4.742.013.593.110.400;-199.048.588.246.572;9.499.394.792.365.860;0;;
-7.307.935.434.941.850;2.306.344.096.077.490;3.683.608.093.261.710;901.896.456.267.613;-1.342.426.071.603.650;8.230.650.305.125.500;1;;
-12.249.641.543.528.100;1.948.095.207.634.460;268.431.640.625;8.019.125.193.564.450;-1.952.253.174.989.100;7.552.564.028.668.220;1;;
-7.850.615.679.021.040;2.410.665.131.716.000;3.298.336.181.640.620;9.449.120.273.933.250;-17.443.138.459.109.000;7.330.005.903.787.910;0;;
-9.408.874.828.467.060;29.625.721.486.417.300;3.886.654.357.910.150;11.661.300.661.514.000;-133.694.232.154.245;7.270.641.391.876.750;1;;
-8.282.848.448.995.670;1.395.651.381.448.760;3.096.819.763.183.590;55.963.901.006.529.100;-2.624.327.103.434.360;11.594.673.024.425.300;0;;
-999.524.029.863.736;2.720.383.294.993.110;3.771.125.183.105.460;10.779.141.208.478.000;-15.452.140.634.635.200;6.739.415.341.263.410;0;;
-7.121.666.221.113.890;23.669.920.707.713.400;3.585.946.960.449.210;9.240.488.386.449.720;-1.579.239.383.869.640;6.490.643.433.152.360;0;;
-16.625.383.791.594.100;3.372.729.731.697.470;3.520.740.051.269.530;12.901.137.171.968.900;0.6508931822044937;6.235.720.125.874.430;1;;
-8.611.687.750.519.020;1.431.846.318.867.520;2.798.233.337.402.340;5.755.960.606.829.030;-20.378.909.596.493.100;7.269.983.070.490.140;0;;
-78.641.627.034.828.300;31.391.336.643.663.200;2.720.433.349.609.370;12.234.140.665.520.600;-0.2637304611931688;4.632.633.933.895.620;1;;
-11.927.893.264.721.500;2.285.462.865.751.910;3.798.115.539.550.780;9.278.812.738.325.430;-32.962.867.166.094.400;15.697.506.068.781.000;0;;
-9.582.295.254.544.190;15.752.839.558.308.200;30.014.215.087.890.600;6.371.672.780.508.990;-2.714.453.488.687.810;10.884.360.477.703.100;0;;
-10.200.521.699.336.000;13.869.808.391.131.800;25.097.296.142.578.100;5.698.722.324.402.000;-25.541.945.115.959.200;9.239.994.611.653.580;0;;
-8.983.850.171.309.240;13.521.596.518.722.800;2.619.149.475.097.650;547.642.614.268.371;-21.459.734.065.642.300;7.926.369.058.388.010;0;;
-8.646.937.275.590.190;4.387.419.213.002.780;28.535.626.220.703.100;17.054.485.353.772.400;-0.1772516723141526;25.891.543.807.486.800;1;;
-10.883.568.523.172.000;13.663.275.348.472.900;2.517.947.998.046.870;5.674.827.626.024.550;-1.634.320.532.160.620;7.256.700.419.891.140;1;;
-10.154.738.287.511.700;23.953.489.169.423.800;2.757.996.520.996.090;9.549.143.268.980.790;-15.432.352.206.759.000;5.885.944.824.017.910;0;;
-6.792.950.410.660.800;9.677.979.098.450.320;2.452.710.876.464.840;3.875.286.649.354.360;-19.783.003.204.169.200;7.540.340.925.167.650;0;;
-10.994.189.848.752.100;22.967.368.996.079.000;2.951.872.253.417.960;9.240.102.018.566.410;-2.221.658.256.416.350;841.328.538.191.851;0;;
-60.051.201.730.744.800;40.233.421.267.976.600;2.893.306.884.765.620;15.515.040.540.436.700;0.6014883515461462;4.592.463.833.369.170;1;;
-8.472.506.622.394.150;18.271.212.671.082.800;3.842.420.043.945.310;7.257.613.517.166.860;-2.222.669.163.078.190;11.277.249.906.672.000;0;;
-6.343.075.673.061.860;4.262.475.434.086.430;3.182.181.396.484.370;1.644.495.778.465.410;-0.3264485503502576;4.139.385.419.285.300;1;;
-8.656.063.823.874.650;2.754.053.479.058.350;4.081.417.541.503.900;10.812.365.076.168.600;-13.329.350.199.268.900;8.052.928.525.935.540;1;;
-10.764.535.556.464.800;3.384.022.463.401.650;3.540.830.078.125;13.376.608.967.923.800;-16.650.600.048.360.900;7.520.299.606.238.420;0;;
-1.047.108.499.959.370;1.852.370.712.664.060;3.862.096.557.617.180;7.498.818.783.526.670;-298.898.223.731.894;12.958.619.333.848.700;0;;
-9.342.435.098.927.190;34.660.616.018.640.400;4.215.328.674.316.400;1.358.087.578.197.820;-26.617.521.842.559;12.959.041.309.834.800;0;;
-10.243.514.370.134.900;2.490.626.896.002.430;4.328.484.497.070.310;9.920.216.876.702.050;-38.804.593.505.105.300;20.522.837.744.073.300;0;;
-7.121.255.107.816.210;3.609.169.991.472.770;3.849.374.694.824.210;1.398.807.001.982.400;-0.8517207452819123;5.065.131.701.373.490;1;;
-9.898.122.587.421.520;1.720.378.509.972.640;2.853.060.913.085.930;6.949.738.824.263.430;-3.613.885.597.145.600;15.907.721.374.190.800;0;;
-76.956.585.473.161.100;19.352.515.791.082.500;3.123.290.710.449.210;7.622.882.454.694.380;-14.186.736.779.679.800;6.564.480.921.785.690;0;;
-977.066.841.380.586;4.149.840.547.018.440;3.393.351.135.253.900;16.225.561.474.611.700;-0.2521554740079847;5.979.243.838.725.740;1;;
-9.129.337.033.682.140;37.447.028.781.299.500;42.993.853.759.765.600;14.630.798.205.458.800;-1.442.415.027.101.200;8.057.863.752.939.000;0;;
-953.903.586.306.945;2.609.037.596.078.900;2.902.387.390.136.710;10.319.517.722.476.200;-0.9151715946019684;5.422.133.270.109.050;1;;
-9.859.707.491.935.240;30.114.719.803.076.700;3.061.097.412.109.370;1.188.139.717.397.680;-12.149.175.855.968.300;55.335.827.674.087.500;0;;
-812.653.244.828.551;15.373.406.392.573.700;2.748.920.593.261.710;6.128.122.827.499.150;-1.729.996.529.173.030;7.436.315.245.895.810;0;;
-9.213.331.855.247.540;17.049.229.447.327.600;2.771.799.621.582.030;6.840.647.814.138.580;-22.132.080.821.159.600;834.516.180.699.466;0;;
-5.930.760.698.181.280;23.707.019.687.756.000;270.193.115.234.375;919.525.765.629.902;10.175.305.863.877.100;8.060.423.787.679.510;1;;
-7.913.995.100.794.940;63.873.647.200.073;427.619.140.625;2.465.188.485.900.440;-0.3317263364610673;5.854.737.100.701.950;1;;
-8.990.244.033.316.870;17.642.214.592.137.200;3.293.434.753.417.960;7.051.765.609.404.620;-17.527.751.654.051.200;658.812.355.508.524;0;;
-8.854.039.541.671.700;1.834.921.241.516.710;3.332.936.706.542.960;731.269.091.501.426;-2.087.294.282.192.880;9.078.874.122.697.310;0;;
-8.249.367.797.672.780;3.761.608.319.183.100;3.035.929.870.605.460;14.636.962.003.870.000;0.0731154383707578;26.830.402.682.361.000;1;;
-7.670.513.914.704.460;15.390.566.438.684.700;2.379.225.616.455.070;6.107.148.680.226.620;-1.267.443.065.976.690;7.411.565.389.831.080;1;;
-9.230.399.026.462.340;1.874.970.271.082.920;3.175.104.675.292.960;7.491.771.793.448.400;-13.421.883.138.594.100;65.911.564.462.639.400;0;;
-7.698.507.204.427.310;23.666.671.816.699.500;3.259.068.603.515.620;9.271.920.492.703.600;-2.079.248.618.587.330;7.879.094.279.780.690;0;;
-9.074.647.565.656.990;2.153.548.488.904.010;3.762.216.491.699.210;8.545.601.075.692.200;-1.767.446.021.937.330;7.957.325.231.229.830;0;;
-10.990.564.544.249.800;162.470.920.443.183;2.646.700.744.628.900;6.671.307.548.741.500;-221.179.406.168.258;69.620.637.543.812.400;0;;
-4.952.700.223.754.410;3.977.018.140.715.700;3.222.353.820.800.780;15.293.914.087.208.800;0.5818470700828942;6.189.841.841.729.330;1;;
-9.474.027.035.935.000;23.607.704.071.564.900;30.151.708.984.375;936.591.646.974.922;-1.712.757.713.449.180;5.525.845.967.936.130;0;;
-10.126.679.372.746.500;16.677.754.768.692.700;3.185.885.925.292.960;6.766.182.578.016.930;-32.037.095.201.602.600;14.051.705.615.296.500;0;;
-835.243.129.863.914;18.713.794.933.905.700;3.982.438.049.316.400;7.419.047.024.802.200;-238.879.582.683.584;13.703.622.545.522.700;0;;
-6.345.987.410.371.320;21.643.531.296.195.200;2.941.617.126.464.840;8.426.075.549.250.340;0.149675520350764;6.485.878.287.735.400;1;;
-6.248.815.690.212.180;3.618.682.874.145.550;3.644.117.431.640.620;139.798.462.449.449;-0.1296569669561455;5.706.964.509.657.860;1;;
-10.232.274.395.332.000;17.088.426.632.880.000;3.131.264.038.085.930;6.931.357.916.096.580;-22.026.190.909.087.100;8.493.162.583.502.310;0;;
-7.633.731.447.985.710;20.709.501.881.109.600;3.325.201.110.839.840;8.137.894.295.904.000;-17.988.140.635.341.600;853.277.273.406.885;0;;
-10.284.878.113.128.000;4.867.254.210.395.610;4.170.951.843.261.710;19.006.931.851.570.900;-12.256.811.810.737.300;7.253.578.451.502.180;1;;
-6.292.674.322.615.210;33.036.854.247.886.200;2.714.044.189.453.120;12.778.028.294.540.800;0.3281589020261676;5.809.018.072.252.030;1;;
-10.299.684.264.505.000;2.373.499.230.751.070;3.650.919.799.804.680;947.696.518.144.576;-22.113.089.403.438.600;904.840.531.987.842;0;;
-10.262.993.512.979.200;13.207.111.473.822.900;3.228.222.045.898.430;5.450.325.580.304.090;-3.115.491.190.249.080;13.823.027.078.100.400;0;;
-8.068.048.750.090.130;16.268.633.383.990.400;3.569.621.276.855.460;64.666.586.948.036.300;-2.192.946.663.586.950;1.082.081.958.403.000;0;;
-6.463.140.384.793.230;5.336.974.402.590.950;3.666.802.978.515.620;2.055.756.945.255.000;0.1526608773665516;506.605.563.315.191;1;;
-10.887.274.128.784.800;5.765.703.162.167.320;4.322.878.112.792.960;22.489.549.610.268.700;0.1733604948970124;3.916.133.558.825.560;1;;
-9.156.281.896.949.120;14.737.267.003.608.700;3.548.020.935.058.590;5.953.010.366.809.450;-28.203.047.949.959.200;13.477.290.581.832.800;0;;
-893.465.336.225.381;234.233.941.734.408;4.446.885.070.800.780;9.257.523.986.438.360;-3.197.856.984.427.650;1.903.822.370.794.830;0;;
-7.477.925.117.075.350;2.740.941.590.244.820;3.409.172.668.457.030;1.068.960.256.733.990;0.0115889652917375;36.079.556.641.385.000;1;;
-6.170.647.257.190.410;27.005.487.524.053.300;25.009.873.962.402.300;10.467.027.195.995.900;0.4519581457034863;7.053.412.330.009.490;1;;
-6.607.725.844.305.730;4.497.251.762.038.380;31.716.473.388.671.800;17.355.372.554.576.300;0.4998076911203915;4.168.565.082.303.780;1;;
-6.409.126.646.093.110;23.039.723.748.600.000;33.389.019.775.390.600;8.962.778.345.200.490;0.0637282600839822;7.837.759.971.888.080;1;;
-949.047.879.133.664;21.828.886.927.085.700;32.767.510.986.328.100;8.687.245.018.878.810;-23.094.768.769.268.100;10.300.091.184.032.000;0;;
-8.363.267.005.832.200;2.473.073.573.770.210;35.493.585.205.078.100;9.719.414.065.161.200;-18.483.521.680.278.800;10.218.082.778.928.000;0;;
-10.217.517.689.939.600;1.891.183.260.279.050;2.946.445.007.324.210;7.627.110.306.904.970;-2.080.849.475.111.480;9.513.762.172.615.870;0;;
-9.179.802.452.872.290;3.928.642.004.254.360;4.904.144.592.285.150;15.337.344.990.948.000;-0.675335619726536;6.935.582.203.576.750;1;;
-8.084.294.242.382.900;21.221.315.164.301.900;24.863.233.947.753.900;8.360.576.574.601.140;-0.0359564646676444;5.388.556.586.610.940;1;;
-7.666.463.905.403.480;3.129.172.964.029.530;3.950.431.823.730.460;121.843.358.527.236;-13.158.016.846.328.800;766.211.223.267.751;0;;
-921.577.530.979.958;3.467.245.892.711.970;4.085.196.228.027.340;13.576.418.228.596.200;-1.544.124.099.074.540;1.004.477.565.864.970;0;;
-7.533.148.602.493.860;508.799.336.755.306;3.839.352.416.992.180;19.663.202.759.896.400;-0.7040196524272672;4.443.151.368.324.670;1;;
-7.325.925.830.372.200;13.823.463.162.687.800;2.687.868.957.519.530;5.488.451.262.177.300;-22.362.001.760.400.800;9.461.835.246.745.200;0;;
-7.406.683.541.375.950;15.183.517.488.308.500;2.092.935.333.251.950;6.012.811.333.287.280;-12.451.193.231.269.000;3.715.169.436.538.730;0;;
-939.097.212.570.374;13.249.099.368.941.700;29.681.658.935.546.800;5.400.869.325.043.600;-31.286.898.316.853.700;13.904.681.483.393.700;0;;
-7.513.055.875.845.160;4.229.044.368.405.120;3.182.772.827.148.430;1.637.914.422.088.900;0.117049741284097;3.416.538.226.812.680;1;;
-967.271.305.609.013;4.226.367.532.560.330;24.312.387.084.960.900;1.651.076.829.564.730;-0.0902347263489045;2.282.273.195.366.050;1;;
-5.758.533.419.954.450;30.507.442.377.407.600;34.428.533.935.546.800;11.786.684.699.367.600;-0.145517477565425;8.101.011.555.624.090;1;;
-8.315.063.393.583.510;3.278.360.366.076.210;4.924.282.531.738.280;12.794.147.466.395.900;-1.801.000.846.451.250;1.232.785.363.388.450;0;;
-7.257.972.966.270.220;35.771.748.548.549.400;2.979.955.139.160.150;13.873.298.267.030.900;0.3947670772917619;70.463.647.252.493.600;1;;
-9.503.874.229.705.580;24.087.840.252.771.900;3.705.065.612.792.960;95.515.894.407.891;-23.039.597.652.919.100;11.695.274.783.460.100;0;;
-10.442.157.747.132.800;23.430.922.905.246.100;3.917.298.583.984.370;9.372.044.486.851.060;-32.932.054.037.352.100;16.709.867.351.999.700;0;;
-8.785.324.927.253.720;2.555.602.942.853.430;5.456.893.920.898.430;10.062.503.799.629.700;-38.995.314.149.767.600;26.538.380.691.711.700;0;;
-9.900.413.365.704.880;20.011.878.502.059;3.187.313.537.597.650;8.023.165.465.837.750;-2.667.905.658.781.490;1.093.225.035.334.800;0;;
-10.176.371.004.707.100;1.697.115.989.202.310;3.391.434.936.523.430;6.882.178.000.258.080;-3.002.002.808.317.950;1.431.157.636.764.910;0;;
-8.756.097.670.393.970;2.793.098.975.060.690;32.370.867.919.921.800;10.968.254.142.474.300;-13.850.553.156.898.800;5.507.043.890.584.770;0;;
-8.549.403.297.862.940;28.852.776.710.195.300;2.998.448.486.328.120;1.130.689.001.681.320;-10.873.068.220.261.100;6.037.141.630.989.940;0;;
-8.497.151.398.605.530;4.902.663.773.310.750;394.966.064.453.125;1.901.393.538.758.040;0.0793189032152011;61.647.598.497.416.400;1;;
-980.996.449.439.665;15.519.766.710.153.600;4.900.216.064.453.120;62.994.665.483.441.200;-3.719.506.345.815.560;22.760.712.034.292.800;0;;
-4.183.377.638.104.020;3.488.770.983.251.220;3.896.584.167.480.460;13.400.970.176.411.700;0.917632932405092;9.657.820.954.545.000;1;;
-6.454.752.678.080.240;32.277.792.984.942.100;3.116.415.710.449.210;12.495.811.645.265.500;0.5260328228177493;6.073.366.818.182.070;1;;
-8.893.344.947.003.790;22.273.295.964.249.600;35.630.572.509.765.600;8.815.141.752.908.140;-21.258.957.570.455.000;10.154.833.019.075.500;0;;
-7.746.221.667.579.270;418.875.575.753.895;3.993.642.883.300.780;16.238.759.602.685.000;-0.2372411494259531;6.159.356.599.759.590;1;;
-936.671.334.304.859;16.331.420.088.686.100;2.670.961.608.886.710;65.771.931.465.437.500;-26.323.893.851.931.900;10.247.440.859.725.800;0;;
-9.470.553.181.957.920;19.230.120.511.768.400;3.052.019.958.496.090;7.692.552.504.679.190;-23.602.197.290.988.100;10.051.138.276.484.600;0;;
-90.321.860.293.867;17.787.678.482.208.100;4.083.508.605.957.030;711.025.094.534.219;-3.003.602.578.184.350;15.495.374.241.530.300;0;;
-6.725.931.302.415.550;4.779.245.079.804.560;319.403.076.171.875;18.439.174.911.516.700;0.3704933488106791;437.945.944.385.801;1;;
-10.390.343.118.342.000;31.839.725.613.951.000;452.742.431.640.625;12.581.763.307.158.800;-26.409.938.703.689.100;1.351.658.871.151.480;0;;
-7.397.351.386.714.560;18.448.021.431.458.000;2.953.454.284.667.960;7.259.976.717.515.500;-1.732.059.111.527.880;7.330.692.441.936.000;0;;
-9.037.249.260.779.400;160.373.203.122.446;2.941.849.060.058.590;64.416.137.265.378.500;-27.140.010.840.049;10.756.441.442.586.000;0;;
-1.101.964.004.543.230;1.782.904.617.014.820;23.495.025.634.765.600;7.278.376.334.076.140;-18.962.182.920.560.400;6.661.653.562.507.620;0;;
-1.065.064.437.391.630;26.359.298.708.307.000;3.678.895.568.847.650;10.508.077.220.480.300;-15.453.195.444.455.000;5.451.053.494.275.650;0;;
-10.560.630.390.471.300;15.706.900.111.577.100;2.686.265.869.140.620;6.429.433.088.885.920;-26.229.503.632.730.200;9.980.877.837.873.760;0;;
-7.322.865.059.901.920;13.583.263.208.935.000;31.801.275.634.765.600;53.964.754.744.190.600;-24.032.331.307.555.200;11.831.923.222.251.100;0;;
-8.592.024.453.434.200;15.897.741.088.646.200;4.192.731.323.242.180;6.358.267.707.525.150;-3.604.074.063.309.620;2.006.127.250.040.260;0;;
-7.642.144.792.460.870;27.209.941.311.824.900;5.273.917.846.679.680;106.228.534.543.841;-2.201.186.253.584.640;1.904.293.158.416.890;0;;
-483.361.725.741.047;4.892.535.885.105.590;44.567.523.193.359.300;1.878.856.880.970.730;-0.1526984027102876;8.636.724.985.520.770;1;;
-8.862.191.978.621.700;19.512.160.538.640.100;3.912.429.809.570.310;775.772.170.102.552;-26.722.435.796.069.300;12.881.676.585.202.100;0;;
-9.595.066.680.239.480;16.230.342.530.359.100;2.984.798.889.160.150;65.551.105.092.777.400;-20.555.317.601.228.000;7.212.992.617.588.660;0;;
-907.677.220.484.541;16.678.807.272.287.000;2.850.872.802.734.370;668.952.628.683.149;-2.094.269.635.176.760;7.851.371.478.263.090;0;;
-8.703.280.945.228.770;4.322.620.901.011.500;3.990.898.742.675.780;1.681.056.249.685.260;-0.8527493412905052;77.827.474.152.421.100;1;;
-9.123.185.934.040.990;17.178.137.904.678.400;3.391.404.724.121.090;6.883.599.004.673.950;-2.385.806.863.645.120;10.162.775.088.574.800;0;;
-7.031.932.864.710.590;26.584.551.867.362.800;2.771.089.172.363.280;10.349.606.284.754.400;-0.0826117176364252;5.855.736.670.582.020;1;;
-10.134.942.941.411.600;6.974.250.939.344.790;41.315.338.134.765.600;2.704.817.172.569.870;-0.4072058374030128;5.857.133.183.809.230;1;;
-10.925.746.616.535.700;2.277.387.858.584.570;3.999.367.065.429.680;9.160.415.946.860.300;-3.089.498.870.570.290;1.477.953.461.010.000;0;;
-1.105.985.165.022.720;219.109.589.420.101;3.576.590.881.347.650;8.841.876.765.038.940;-2.556.490.854.675.530;11.003.920.275.322.200;0;;
-9.021.838.749.573.460;3.757.431.165.615.510;4.648.189.086.914.060;14.671.988.156.428.300;-19.736.573.624.673.700;8.085.221.708.312.730;0;;
-9.012.971.412.794.770;1.973.406.837.324.820;33.412.701.416.015.600;7.852.835.956.650.460;-10.897.659.729.243.600;78.956.200.964.768.700;1;;
-587.743.668.165.555;1.047.696.970.073.320;20.073.497.009.277.300;4.136.325.988.781.180;-11.037.861.063.760.900;5.718.526.974.214.840;0;;
-794.706.093.489.418;35.856.051.228.139.400;3.145.224.609.375;1.394.556.416.101.100;-0.0378283500400669;33.495.780.561.997.300;1;;
-7.235.777.646.620.310;5.277.800.383.055.560;3.358.683.776.855.460;2.037.185.952.353.270;0.4412400891837577;5.917.866.123.267.000;1;;
-9.223.593.151.345.960;14.996.101.246.389.800;2.941.083.984.375;6.056.665.287.485.790;-2.120.484.240.485.910;8.789.938.798.416.130;0;;
-8.502.339.001.410.150;2.683.945.748.007.000;3.145.152.893.066.400;10.534.332.144.070.200;-14.326.065.942.944.600;5.750.610.669.237.300;0;;
-543.133.681.194.846;5.001.460.058.015.030;3.811.447.143.554.680;19.228.327.123.310.200;0.1090750868945161;7.415.109.390.343.060;1;;
-47.239.707.386.474.900;4.893.749.394.571.400;4.004.686.584.472.650;1.878.920.155.409.220;0.0545776114585309;34.745.081.666.613.800;1;;
-9.270.532.707.582.470;2.196.779.436.115.230;30.025.897.216.796.800;8.724.564.297.312.400;-0.9037082482458548;5.886.050.094.912.610;1;;
-10.233.212.763.329.300;25.747.572.856.727.800;3.984.642.639.160.150;10.240.957.001.143.800;-2.105.061.173.772.730;10.891.095.768.891.200;0;;
-5.087.999.052.105.030;3.412.821.711.017.460;35.678.009.033.203.100;13.142.747.500.210.500;11.268.104.109.805.500;9.763.669.628.202.100;1;;
-9.330.664.720.417.060;1.654.523.276.207.860;2.599.277.648.925.780;6.656.336.266.031.590;-18.071.212.857.101.200;6.397.254.393.510.040;0;;
-7.371.326.546.367.660;2.532.753.560.311.530;29.159.521.484.375;9.887.858.038.723.940;-0.2765764173625786;6.287.142.806.933.730;1;;
-7.431.297.999.071.090;3.957.165.434.462.010;5.095.826.110.839.840;15.335.353.144.506.500;-0.7422604988587118;7.394.665.787.251.370;1;;
-9.212.540.661.813.010;17.877.585.308.798.300;2.873.133.544.921.870;7.157.189.705.635.670;-0.9353434356386404;5.693.444.206.364.430;1;;
-7.196.692.300.592.180;15.284.483.602.892.000;20.124.172.973.632.800;6.039.680.109.650.600;0.130155114185645;5.707.481.925.987.400;1;;
-7.273.810.133.339.530;39.669.755.000.589.700;33.958.673.095.703.100;15.363.995.936.782.500;0.5838891542808332;7.068.265.232.236.680;1;;
-7.582.366.924.741.400;4.015.616.729.718.160;25.890.087.890.625;15.567.422.666.412.100;0.1541653582745251;2.600.438.821.116.310;1;;
-5.376.698.091.567.680;2.908.946.313.619.810;3.161.066.589.355.460;11.228.482.559.064.900;0.290263527794395;6.714.611.790.344.300;1;;
-6.356.016.549.989.690;4.731.543.969.088.800;3.253.490.905.761.710;1.823.836.582.293.600;-0.2522073395378669;3.679.057.088.372.740;1;;
-57.961.892.086.431.600;359.567.250.066.624;2.555.669.860.839.840;13.871.063.480.852.900;-0.0320194091880633;33.382.966.181.555.000;1;;
-10.721.555.822.599.900;180.513.156.455.858;34.268.023.681.640.600;7.338.558.463.623.630;-3.549.502.724.640.330;1.736.757.941.113.630;0;;
-8.236.085.784.976.080;24.333.288.085.502.000;361.118.896.484.375;9.559.440.849.096.570;-10.917.183.099.488.500;9.290.735.343.555.230;1;;
-7.542.905.754.695.990;1.544.000.783.816.940;3.043.827.514.648.430;6.118.625.318.599.360;-24.493.885.343.298.000;11.133.473.215.325.600;0;;
-9.665.677.695.375.170;16.504.187.957.878.500;325.078.857.421.875;66.649.722.308.393.300;-29.101.281.529.707.800;1.238.009.568.456.560;0;;
-10.547.421.455.343.700;1.593.060.012.290.490;3.024.023.742.675.780;6.513.865.602.715.360;-23.252.889.965.590.200;9.277.886.327.369.080;0;;
-8.787.529.070.709.680;16.644.153.364.002.800;3.027.588.195.800.780;66.565.328.056.401.500;-25.457.691.525.157.200;11.945.245.391.134.200;0;;
-7.397.387.014.888.220;2.651.690.562.187.330;2.974.515.075.683.590;103.439.062.697.048;-0.6964006849024265;5.185.543.965.130.080;1;;
-1.076.583.629.626.490;56.329.999.470.886.200;31.402.471.923.828.100;2.197.230.794.725.840;0.1976607911456334;3.022.080.070.406.780;1;;
-933.057.874.397.188;25.394.421.147.122.700;3.719.412.536.621.090;1.003.848.993.467.400;-19.885.306.505.549.700;10.514.684.500.991.900;0;;
-10.419.483.662.263.100;19.614.221.762.513.500;3.405.574.035.644.530;7.911.493.432.903.050;-17.508.175.078.314.600;12.201.768.255.436.800;1;;
-11.164.039.083.471.900;16.344.247.092.400.900;2.982.447.204.589.840;6.723.129.146.523.800;-24.597.265.467.059.500;11.760.821.392.384.500;1;;
-893.295.463.330.182;133.003.965.557.406;3.512.307.434.082.030;5.388.398.290.757.010;-4.200.733.410.149.510;2.494.545.844.451.930;0;;
-891.613.780.139.404;18.360.181.344.042.600;3.717.779.541.015.620;7.321.100.805.500.660;-323.626.117.992.005;17.110.884.986.680.500;0;;
-8.539.270.840.127.440;11.347.174.574.971.400;2.398.794.860.839.840;4.615.587.100.404.660;-28.812.962.113.150.600;11.270.410.026.048.000;0;;
-5.554.931.916.407.790;4.217.949.838.947.920;3.171.541.748.046.870;1.623.894.076.503.250;0.0294523606140807;3.729.144.259.376.640;1;;
-10.906.441.949.741.800;23.496.399.007.626.400;4.114.331.359.863.280;943.495.241.999.864;-3.283.676.076.829.780;17.844.027.868.938.800;0;;
-8.999.024.887.095.930;23.257.148.500.944.100;3.254.208.374.023.430;9.198.397.076.827.630;-16.740.617.687.131.100;6.835.070.613.954.920;0;;
-7.817.565.124.126.050;3.746.888.060.648.990;3.912.789.611.816.400;14.554.185.115.924.600;-0.8318041612701975;5.690.962.149.509.500;1;;
-966.573.164.914.464;2.198.378.131.212.710;2.921.011.047.363.280;8.759.276.797.188.350;-0.4208041445719673;8.349.358.431.877.930;1;;
-10.311.906.656.223.800;2.739.860.591.119.760;3.974.317.932.128.900;10.878.161.150.244.500;-3.140.127.497.883.760;14.393.185.945.145.400;0;;
-9.043.938.030.442.390;1.870.808.372.455.210;27.400.372.314.453.100;7.462.841.738.830.230;-226.872.245.642.573;8.700.953.279.248.000;0;;
-9.682.511.381.232.790;4.052.148.558.941.750;2.991.285.095.214.840;15.845.628.216.122.800;-0.3577500788022639;4.162.324.550.308.010;1;;
-901.384.043.865.089;14.334.728.453.304.500;2.650.478.210.449.210;5.789.268.113.804.120;-254.561.880.576.332;1.010.170.315.466.180;0;;
-1.202.396.730.671.060;7.400.536.890.887.510;47.235.845.947.265.600;28.837.420.665.560.300;-0.8751286354752852;43.515.837.873.947.600;1;;
-908.900.004.121.529;12.844.095.276.201.900;27.098.065.185.546.800;5.224.748.335.489.860;-28.966.087.794.886.700;12.127.452.308.332.300;0;;
-5.922.415.651.231.980;28.525.092.876.409.100;3.042.959.289.550.780;11.036.347.174.675.400;0.6540809487334801;9.057.355.686.789.620;1;;
-8.658.005.068.130.780;18.781.057.280.667.100;31.972.900.390.625;7.464.621.232.496.840;-1.988.847.618.860.350;7.599.083.812.235.940;0;;
-743.289.308.177.394;16.929.840.976.611.800;2.816.982.421.875;6.681.742.693.398.790;-1.663.949.493.012.570;6.763.776.794.604.980;0;;
-11.765.940.619.078.000;62.587.479.698.489.000;5.986.927.490.234.370;24.450.042.325.529.100;-2.737.675.328.132.800;12.234.722.751.089.800;0;;
-8.181.484.773.400.470;29.041.834.579.791.400;2.603.780.212.402.340;11.355.621.217.414.400;0.1881213701160436;36.875.756.620.148.100;1;;
-9.187.291.142.876.950;26.316.679.775.925.900;47.249.407.958.984.300;10.380.835.959.834.000;-3.180.070.906.697.800;1.685.079.908.941.190;0;;
-6.923.207.254.887.350;2.639.344.290.818.240;29.548.907.470.703.100;10.270.765.392.116.200;-0.1809983668194155;3.858.646.304.327.200;1;;
-6.204.640.848.794.190;3.532.043.694.522.080;2.951.483.154.296.870;1.364.660.870.559.830;0.7324838640082711;6.413.752.830.335.750;1;;
-7.770.883.782.778.940;14.571.449.815.663.500;3.556.036.071.777.340;580.000.583.762.017;-30.922.349.526.613.600;18.134.608.634.343.000;0;;
-8.391.706.680.036.270;33.951.109.787.120.000;3.116.216.125.488.280;13.245.262.232.753.600;-0.3063369158523904;4.888.955.047.652.170;1;;
-7.610.191.603.442.570;1.986.507.618.867.680;2.347.003.326.416.010;7.813.783.311.385.800;-0.0669781377317094;5.662.427.122.412.860;1;;
-1.002.653.784.070.690;15.586.463.610.139.900;3.432.734.069.824.210;634.137.763.600.936;-35.339.296.860.775.600;1.929.319.131.270.080;0;;
-8.151.489.680.198.620;2.604.763.200.760.720;2.556.336.975.097.650;10.209.364.561.779.900;0.1045400763737038;7.216.970.880.333.890;1;;
-5.013.993.175.429.480;4.727.294.101.191.430;3.397.180.480.957.030;18.163.803.622.300.400;0.4551081507447218;5.335.438.191.922.950;1;;
-9.207.935.372.182.890;21.609.823.409.660.100;26.894.647.216.796.800;8.583.326.881.305.640;-14.253.805.560.820.400;5.388.333.148.776.220;0;;
-6.706.427.007.164.430;2.165.417.818.285.870;2.867.471.618.652.340;844.812.579.724.827;-0.9773935675217356;66.140.085.859.190.900;1;;
-9.270.009.518.753.050;1.826.572.808.821.260;2.809.089.660.644.530;7.309.597.493.612.920;-21.122.525.018.611.700;7.950.792.306.027.800;0;;
-9.235.124.357.541.590;32.516.232.586.057.600;2.394.513.702.392.570;12.753.673.003.090.100;0.5272209635970437;4.965.084.143.576.130;1;;
-7.750.803.386.471.570;1.904.719.555.457.100;2.298.545.684.814.450;750.944.461.184.186;-0.4631153349226344;497.454.391.422.053;1;;
-8.435.414.089.728.870;15.889.283.814.526.400;4.131.310.729.980.460;6.344.843.311.838.790;-26.836.191.998.255.900;14.788.409.775.120.600;0;;
-6.493.098.474.076.780;8.140.853.280.416.570;2.600.997.009.277.340;32.725.708.966.041.000;-3.213.537.268.926.150;1.849.716.146.862.980;0;;
-9.062.758.393.333.130;2.336.238.846.747.300;3.620.192.260.742.180;9.243.019.452.086.040;13.941.857.694.359.300;12.352.576.740.432.300;1;;
-10.614.293.140.349.900;24.799.643.563.155.100;329.303.466.796.875;9.909.022.592.356.270;-2.382.313.320.374.480;9.271.198.921.091.280;0;;
-96.498.804.024.081;3.912.835.676.839.570;2.827.797.241.210.930;15.310.763.329.866.900;0.1437486444166619;44.847.156.652.469.800;1;;
-9.810.260.393.890.710;21.935.421.818.498.000;387.845.947.265.625;8.751.552.119.812.420;-2.969.345.088.324.290;13.430.349.208.757.100;0;;
-952.580.291.938.752;3.112.252.965.365.880;4.669.061.279.296.870;12.241.842.634.680.300;-0.7839820317847612;8.459.893.127.004.300;1;;
-779.819.913.445.024;1.470.653.404.922.840;247.985.107.421.875;5.853.260.432.643.440;-1.761.336.954.773.810;7.050.922.800.338.580;0;;
-9.567.460.592.361.070;15.478.745.211.648.100;3.198.460.388.183.590;6.265.828.166.848.270;-31.517.244.001.724.300;1.446.138.308.402.230;0;;
-10.057.519.867.904.300;19.331.890.378.048.700;3.120.563.659.667.960;7.775.257.966.414.370;-17.763.845.341.245.800;6.520.762.238.536.070;0;;
-4.217.778.479.129.710;30.496.092.729.737.500;2.758.842.468.261.710;11.723.598.703.858.500;1.182.790.123.344.810;7.469.093.365.006.570;1;;
-9.216.489.155.495.400;15.865.412.830.498.400;2.882.134.704.589.840;6.388.415.499.551.080;-17.064.176.499.900.400;7.666.821.462.607.190;0;;
-7.411.484.901.474.180;4.611.092.481.546.650;3.421.451.416.015.620;17.833.538.338.947.200;0.3364108385377466;4.837.338.566.659.510;1;;
-6.265.695.318.501.690;40.820.087.784.326.100;3.357.406.311.035.150;1.575.148.521.153.390;0.3583683260222665;5.448.571.078.239.840;1;;
-7.530.419.479.598.040;44.452.336.823.381.300;4.180.064.086.914.060;17.206.418.119.329.300;-0.293915674346377;9.338.636.495.762.290;1;;
-816.000.940.464.671;3.721.352.350.508.160;3.535.668.640.136.710;14.477.499.433.457.700;-13.677.799.863.871.800;7.184.829.286.296.360;0;;
-8.212.205.493.185.140;2.934.872.163.547.350;2.859.911.804.199.210;11.474.838.308.534.100;-0.795451055811365;4.043.669.036.904.510;1;;
-8.948.047.567.156.980;3.571.526.602.069.400;269.283.935.546.875;1.395.639.286.932.860;-0.1263959703255841;3.497.842.374.482.340;1;;
-7.650.079.943.656.850;6.059.187.738.724.270;36.681.689.453.125;23.381.893.207.261.800;0.1095450549381059;4.916.176.204.720.500;1;;
-7.528.597.200.137.310;2.547.279.940.992.350;35.031.060.791.015.600;995.233.403.758.769;-0.0693762513198633;10.395.684.445.911.100;1;;
-9.883.199.172.674.790;14.248.912.958.310.500;3.505.491.638.183.590;581.925.841.880.549;-26.544.579.539.685.800;1.138.922.696.047.450;0;;
-8.458.516.160.053.670;2.621.359.695.345.160;2.999.181.213.378.900;1.029.228.746.190.660;0.1747205607664732;8.907.359.534.841.510;1;;
-7.457.039.654.502.480;4.190.486.119.018.100;3.349.619.445.800.780;16.228.569.584.129.700;0.0519844664157555;4.716.592.986.121.260;1;;
-8.894.295.390.012.070;1.670.090.372.791.410;25.754.461.669.921.800;66.854.380.554.416.600;-11.123.491.250.614.700;7.790.971.382.902.110;1;;
-9.561.227.395.530.630;1.594.839.578.894.300;3.113.524.780.273.430;6.444.872.909.433.190;-2.811.567.830.584.550;12.434.873.178.707.500;0;;
-11.711.907.455.190.600;3.521.628.868.477.800;5.015.102.844.238.280;1.398.392.459.810.740;-22.135.546.376.519.700;9.455.523.121.918.940;0;;
-8.398.973.914.621.220;28.444.921.938.022.400;3.740.268.859.863.280;11.141.263.604.204.400;-16.437.578.513.605.000;7.741.491.433.222.460;1;;
-580.016.641.983.429;2.970.846.114.840.390;29.086.163.330.078.100;11.483.153.309.282.400;0.8206507804784622;8.039.777.691.469.960;1;;
-469.029.903.839.913;22.611.851.004.506.200;205.279.296.875;8.726.329.269.098.320;0.3172379188167057;31.220.746.812.486.800;1;;
-10.391.656.148.444.500;331.929.209.682.611;3.131.369.934.082.030;13.099.058.863.983.000;-1.569.705.313.007.520;5.510.609.271.291.560;0;;
-6.244.760.776.061.440;27.132.171.031.682.200;2.813.844.909.667.960;10.518.962.444.297.100;0.2857275786495885;626.721.646.499.875;1;;
-10.245.508.020.208.700;18.250.774.313.425.700;4.504.283.752.441.400;7.376.642.943.602.570;-36.386.324.124.756.700;2.020.759.212.812.030;0;;
-6.165.576.281.186.050;3.584.429.792.814.040;3.395.685.729.980.460;13.844.981.440.755.200;0.1674747030886758;5.490.879.591.001.570;1;;
-7.863.118.476.972.700;2.419.237.778.129.050;2.958.656.005.859.370;9.482.635.820.212.330;-0.8234079094048542;5.093.902.935.248.750;1;;
-7.733.534.483.592.280;19.485.970.879.873.700;2.878.078.308.105.460;7.676.122.547.824.990;-14.398.120.525.880.200;5.593.267.093.982.670;0;;
-9.296.658.041.682.680;179.674.793.301.227;3.432.022.705.078.120;7.197.497.845.516.400;-2.593.619.462.258.540;14.070.492.002.326.800;0;;
-830.224.041.211.853;3.641.593.399.919.420;3.618.690.490.722.650;141.816.097.170.713;0.1862121496389764;6.883.612.164.865.740;1;;
-10.473.153.360.456.100;33.486.393.055.215.600;59.905.029.296.875;13.217.722.915.396.400;-2.793.913.049.510.960;18.664.784.703.054.200;0;;
-7.138.287.577.459.470;2.163.458.674.865.370;3.185.735.168.457.030;846.348.963.687.167;-13.847.551.729.380.900;619.345.430.236.614;0;;
-8.922.293.016.627.280;2.327.400.042.884.480;4.062.921.447.753.900;919.958.211.294.666;-2.307.522.378.330.660;135.019.773.869.065;0;;
-818.796.180.198.013;13.996.819.671.685.700;34.134.722.900.390.600;5.605.821.748.513.250;-2.294.576.586.082.520;1.048.821.423.499.300;0;;
-7.257.813.960.207.310;3.285.545.464.070.200;3.879.738.159.179.680;12.758.681.913.900.600;-0.297766988294747;6.378.964.203.240.090;1;;
-6.956.083.869.750.050;2.780.215.325.609.100;3.060.424.194.335.930;10.810.918.481.391.000;-0.5916884341286237;7.849.560.680.802.810;1;;
-10.025.479.123.414.000;21.094.854.422.223.600;3.856.803.588.867.180;8.446.603.465.555.520;-2.797.778.092.906.330;13.836.082.554.878.600;0;;
-11.294.218.337.035.200;24.280.630.108.953.000;28.823.992.919.921.800;9.767.588.731.544.010;-17.888.194.059.980.300;5.555.430.532.130.000;0;;
-878.634.515.087.301;19.883.921.146.894.900;3.169.139.099.121.090;7.894.692.531.506.710;-15.463.730.734.689.100;52.311.109.977.316.300;0;;
-10.494.488.259.863.000;358.423.947.328.964;3.415.169.677.734.370;1.411.989.649.973.570;-0.8096207115321126;4.134.356.174.959.780;1;;
-5.270.309.207.223.310;39.222.653.561.257.000;3.350.054.931.640.620;15.097.058.671.344.500;0.3854693038369466;54.135.675.689.022.100;1;;
-9.872.475.171.624.470;1.778.808.371.236.460;2.825.137.023.925.780;7.171.119.752.572.580;-2.980.963.090.026.250;1.232.275.977.752.480;0;;
-7.329.568.173.100.050;147.096.298.359.489;3.258.942.565.917.960;5.827.348.184.326.620;-19.540.762.169.921.200;8.555.792.494.791.950;0;;
-8.224.051.671.180.130;316.004.789.866.281;3.735.755.615.234.370;1.233.620.413.764.170;-0.4036823993754357;7.424.122.031.044.200;1;;
-8.937.945.112.600.250;21.233.900.450.889.800;4.245.016.784.667.960;8.420.924.342.088.720;-2.178.131.655.739.710;975.443.593.328.334;0;;
-7.763.768.575.151.020;3.900.798.887.229.650;3.385.219.421.386.710;15.139.228.610.702.800;0.1917314306012864;5.355.992.742.255.310;1;;
-9.406.834.863.557.480;32.753.002.167.346.900;3.861.902.465.820.310;12.856.400.636.458.200;-10.037.247.988.597.400;5.587.352.776.875.640;1;;
-8.367.249.322.933.110;2.694.554.936.118.400;3.720.029.602.050.780;10.566.170.477.473.700;12.833.698.503.495.900;11.945.797.350.363.600;1;;
-7.380.975.088.805.800;15.161.143.520.771.700;32.901.483.154.296.800;6.002.807.001.484.670;-3.082.309.557.970.330;1.569.017.279.685.760;0;;
-8.132.778.611.669.650;2.104.329.376.097.330;35.321.710.205.078.100;8.295.541.935.575.270;-24.093.382.185.652.600;10.301.511.298.954.700;0;;
-4.793.757.282.147.760;32.903.419.564.504.300;2.797.684.020.996.090;12.663.516.933.693.400;0.1140663285713377;44.598.912.057.636.500;1;;
-8.724.649.887.192.990;29.925.936.332.371.200;3.504.573.974.609.370;11.728.621.655.062.200;-1.356.996.011.700.640;6.604.151.031.937.220;0;;
-5.906.451.046.131.140;26.836.666.574.926.900;32.964.141.845.703.100;10.390.308.883.593.500;0.0911534811605055;75.818.964.709.821.900;1;;
-10.705.735.351.965.100;2.719.878.621.024.260;428.870.361.328.125;1.083.342.609.430.210;-20.930.264.504.693.500;9.774.456.012.405.860;0;;
-10.351.911.721.835.500;2.703.907.363.259.420;33.763.690.185.546.800;10.743.907.397.983.400;-2.486.170.184.500.860;9.368.417.452.101.190;0;;
-7.027.817.911.965.830;14.625.657.441.180.000;2.957.677.001.953.120;5.778.695.712.454.520;-0.9750319972548984;6.458.252.210.022.470;0;;
-839.960.670.496.631;19.769.588.593.124.400;3.590.864.562.988.280;7.825.591.827.566.540;-16.731.224.686.078.800;71.171.206.769.286.300;0;;
-8.259.577.552.203.620;155.360.836.195.315;3.601.446.228.027.340;61.986.303.741.497.200;-21.733.179.234.706.600;11.834.141.298.297.500;0;;
-10.199.771.806.970.300;2.068.968.688.715.210;3.399.032.592.773.430;8.305.221.416.531.880;-2.544.376.018.217.590;10.855.080.251.211.400;0;;
-7.156.378.509.712.070;6.072.371.597.341.560;471.556.640.625;2.340.434.321.043.590;0.279992981824285;1.109.132.392.910.850;1;;
-6.302.446.007.666.580;22.115.906.677.393.400;2.787.567.749.023.430;8.604.512.527.847.030;-10.426.974.201.174.200;5.236.458.092.514.930;0;;
-9.768.052.545.852.650;19.244.163.450.746.100;3.004.437.561.035.150;771.979.482.963.346;-2.328.502.698.323.220;1.050.112.570.768.650;0;;
-110.452.438.124.774;19.934.283.195.816.200;32.665.966.796.875;8.085.157.141.813.120;-26.190.872.570.289.500;10.744.152.327.727.600;0;;
-7.502.405.957.937.870;16.216.573.462.483.400;2.979.408.264.160.150;6.413.099.833.053.910;-0.2160428369886646;10.767.369.537.549.800;1;;
-8.827.012.191.128.130;17.433.265.237.107.700;4.012.372.131.347.650;6.960.789.476.840.320;-37.780.662.750.403.200;22.270.646.664.209.000;0;;
-8.926.254.753.791.930;36.169.878.530.136.700;3.337.321.472.167.960;14.128.656.981.677.100;-0.9159396788791432;8.130.716.924.787.180;1;;
-843.002.889.549.807;50.234.744.009.564.600;37.627.197.265.625;1.947.133.107.025.340;0.5133717859544011;5.755.266.530.334.740;1;;
-6.446.457.253.925.960;3.775.654.413.733.290;3.757.671.508.789.060;14.589.381.301.414.800;0.4067547938932522;7.230.721.914.013.430;1;;
-9.638.183.428.719.930;11.472.051.251.888.600;2.747.414.245.605.460;4.739.661.072.489.020;-22.738.400.650.092.000;8.327.251.906.153.760;0;;
-1.109.405.483.738.890;230.564.178.066.845;35.625.164.794.921.800;9.282.567.203.267.950;-2.823.740.536.549.930;1.315.227.855.418.190;0;;
-11.244.044.554.920.700;2.500.527.544.470.850;3.316.178.894.042.960;1.004.022.614.702.410;-2.339.340.772.089.870;890.895.785.966.748;0;;
-7.267.306.494.940.220;1.532.694.803.016.640;3.383.765.869.140.620;6.059.813.665.518.140;-17.868.954.421.952.700;9.190.902.608.815.850;0;;
-932.882.388.804.716;14.646.417.157.725.400;2.295.937.042.236.320;59.304.776.602.055.700;-0.4935957614722011;8.187.325.022.608.190;1;;
-8.086.921.835.180.140;15.023.630.474.314.000;2.627.929.382.324.210;59.919.838.881.073.000;-21.421.994.464.860.500;8.117.770.206.397.990;0;;
-426.859.785.601.602;3.935.027.361.750.970;3.427.178.955.078.120;15.109.314.962.114.900;0.3028315774881118;7.165.506.764.666.650;1;;
-89.432.573.477.087;26.733.542.181.998;3.091.038.513.183.590;10.523.250.460.255.200;-19.879.972.458.461.000;883.340.922.641.877;1;;
-5.863.064.822.381.870;2.089.194.017.119.130;27.603.778.076.171.800;8.116.282.805.693.300;0.3763041772421661;7.353.160.327.796.640;1;;
-39.412.107.809.087.500;3.749.622.111.326.750;3.351.165.466.308.590;14.390.423.379.818.300;0.698131489719385;6.903.163.529.724.920;1;;
-9.314.330.171.406.060;22.490.098.500.334.600;3.072.117.004.394.530;8.927.299.932.111.280;-0.7868310578510357;973.671.240.234.242;1;;
-4.813.767.496.313.970;3.919.385.312.120.280;3.011.484.069.824.210;15.068.455.413.321.400;10.530.100.940.636.500;6.138.961.881.172.600;1;;
-93.528.834.499.216;19.050.206.431.319.700;35.063.525.390.625;7.615.323.809.030.330;-2.792.507.528.174.080;13.048.516.772.943.900;0;;
-4.873.908.640.794.530;27.799.659.328.939.500;36.688.037.109.375;1.071.582.134.986.780;-0.0107852000475904;6.817.782.088.403.560;1;;
-7.815.393.928.641.110;138.769.304.107.486;28.935.601.806.640.600;5.537.212.023.985.220;-2.822.367.884.835.620;13.335.396.303.971.900;0;;
-4.672.627.409.060.650;5.130.993.501.588.480;4.079.104.309.082.030;19.694.104.597.137.800;0.6508009914807348;907.345.695.531.891;1;;
-8.872.693.919.330.980;3.939.645.665.895.640;3.355.124.816.894.530;1.535.821.152.846.290;-0.2846786391873127;37.279.451.108.848.200;1;;
-5.193.976.298.790.210;30.764.959.935.633.500;3.377.105.712.890.620;11.861.475.271.185.600;-0.0944315532062807;6.338.119.192.432.690;1;;
-7.054.254.632.448.940;4.021.124.509.493.540;3.032.693.786.621.090;15.558.930.182.463.300;0.1100932072420181;33.029.190.457.758.600;1;;
-1.052.550.598.571.450;59.771.140.933.311.100;4.618.272.705.078.120;23.267.955.212.559.300;-0.1463404426160355;42.773.857.656.614.300;1;;
-8.685.494.511.397.890;23.134.050.856.731.700;3.342.265.319.824.210;913.015.756.601.944;-12.044.107.858.239.700;6.868.912.274.499.330;0;;
-8.842.396.301.066.340;1.388.473.520.055.490;2.402.222.137.451.170;56.055.802.239.551.300;-22.930.962.698.950.400;8.248.901.114.638.840;0;;
-8.508.467.270.197.530;1.322.652.047.560.410;2.293.927.764.892.570;5.331.866.052.206.730;-25.757.494.211.351.000;9.427.862.921.988.570;0;;
-6.612.742.412.258.430;4.510.322.861.188.580;3.435.555.419.921.870;1.740.558.377.583.270;0.7371674382551409;7.163.721.466.269.490;1;;
-8.708.836.328.145.060;5.197.580.719.812.490;4.913.650.512.695.310;20.155.028.630.111.100;-10.126.087.578.649.500;6.993.582.993.495.560;1;;
-25.015.819.718.783.400;4.358.535.904.757.080;430.643.798.828.125;16.682.241.969.029.200;0.3726427277997885;7.557.591.834.437.850;1;;
-1.063.845.492.935.690;559.472.605.806.028;3.682.635.192.871.090;2.181.560.443.029.760;-0.0817100213804234;5.245.597.766.426.400;1;;
-9.459.918.330.230.050;34.554.408.122.214.700;4.022.169.189.453.120;13.548.725.773.811.900;-0.982447570014379;5.589.963.769.823.170;1;;
-1.177.240.315.543.500;1.362.752.578.444.770;2.962.946.472.167.960;5.738.129.332.294.700;-2.461.866.788.956.260;1.223.456.549.978.410;1;;
-10.504.742.439.285.000;21.976.154.076.483.800;32.982.470.703.125;8.821.042.311.653.590;-0.9609704371120704;8.595.878.263.721.050;1;;
-860.295.435.404.254;10.992.689.283.750.000;2.656.993.713.378.900;4.484.275.212.116.280;-26.830.148.993.537.500;112.713.870.981.049;0;;
-7.558.621.258.981.630;16.922.496.940.716.100;25.447.933.959.960.900;66.861.397.216.386.900;-0.9565137862088956;5.130.182.154.228.700;0;;
-9.461.571.501.414.540;17.682.119.745.904.700;331.972.900.390.625;7.100.256.710.311.110;-24.936.497.802.413.900;11.790.703.507.709.100;0;;
-7.124.047.728.159.670;3.750.585.296.314.470;2.785.446.472.167.960;14.528.711.360.672.400;-0.1576221309105154;3.987.163.018.002.360;1;;
-5.607.888.613.513.130;18.335.599.989.565.200;3.185.267.333.984.370;7.128.062.157.001.240;0.5315169876514629;11.713.562.290.016.400;1;;
-1.026.536.187.633.790;2.825.345.221.074.580;5.039.930.725.097.650;1.120.122.283.026.320;-2.773.796.981.781.430;16.824.583.132.984.800;0;;
-900.292.756.998.125;18.437.568.660.609.300;3.666.723.937.988.280;7.356.622.179.946.400;-15.226.840.112.123.700;5.370.164.643.842.020;0;;
-8.570.073.025.029.150;474.326.854.139.031;2.927.386.474.609.370;18.409.483.556.816.600;0.0758006625760095;3.049.928.845.989.230;1;;
-9.865.751.242.203.210;2.405.137.526.444.560;3.728.707.275.390.620;9.564.442.533.895.260;-16.270.525.228.560.600;68.427.814.905.929.700;0;;
-9.422.785.787.667.180;21.429.758.506.446.600;3.284.800.720.214.840;8.529.804.846.388.920;-18.082.604.341.097.400;7.279.125.773.302.780;0;;
-10.309.469.722.719.900;14.235.262.845.470.600;2.863.209.228.515.620;5.846.939.363.852.080;-2.792.587.776.040.280;1.273.343.485.076.810;0;;
-7.928.808.474.029.960;2.057.814.923.143.640;2.929.012.756.347.650;8.105.242.502.846.820;-0.7509914607897971;60.136.706.643.334.600;0;;
-1.044.132.597.586.520;4.304.897.723.014.120;3.556.959.533.691.400;16.869.998.460.609.200;0.0163663767469603;34.564.207.136.579.600;1;;
-896.646.200.017.833;2.413.412.627.710.040;3.694.894.409.179.680;9.531.342.081.847.830;-21.498.576.429.410.600;9.033.866.392.310.670;0;;
-9.913.684.766.733.510;18.627.527.227.641.700;3.391.933.898.925.780;7.495.071.445.094.870;-29.131.393.193.064.900;1.244.621.063.115.400;0;;
-10.389.858.587.088.700;17.852.044.392.179.000;27.876.824.951.171.800;7.235.633.061.789.790;-0.9123448448374146;7.889.010.431.691.920;1;;
-11.532.049.696.324.400;17.854.170.830.378.900;3.258.484.191.894.530;7.332.144.877.869.500;-1.711.401.924.609.370;7.013.029.611.727.650;1;;
-12.690.228.873.869.400;3.418.710.251.093.870;3.682.380.981.445.310;1.368.181.275.538.640;-16.410.619.179.011.700;5.986.887.855.377.430;0;;
-5.021.345.411.605.590;4.686.511.543.258.630;34.117.236.328.125;18.008.214.681.370.900;1.092.611.284.187.760;72.996.794.657.436.800;1;;
-11.693.785.499.357.500;27.950.960.667.094.700;30.108.355.712.890.600;1.120.549.510.194.720;-23.978.346.032.326.600;8.214.347.455.748.090;0;;
-5.461.318.912.438.770;33.907.109.569.435.800;2.698.870.849.609.370;1.307.329.226.573.290;1.010.837.656.010.260;5.701.121.745.459.780;1;;
-8.166.494.547.141.920;2.071.795.025.418.210;2.727.296.447.753.900;8.173.296.009.194.860;-14.867.177.770.932.500;7.068.966.450.121.940;0;;
-7.287.659.897.062.630;5.303.654.559.434.510;4.757.186.584.472.650;20.473.554.095.613.700;-0.3399368954615114;5.750.356.696.707.930;1;;
-1.015.236.329.595.660;16.870.382.960.781.700;27.304.693.603.515.600;6.841.795.744.055.360;-20.369.872.686.997.500;7.706.233.561.984.540;0;;
-9.132.086.810.035.300;2.978.335.912.550.320;4.152.248.840.332.030;11.701.935.584.099.300;-0.3503356397849606;7.595.074.728.150.420;1;;
-899.804.140.292.225;1.737.618.172.682.070;2.717.037.658.691.400;6.950.623.927.007.900;-2.286.279.270.666.730;8.490.452.455.381.020;0;;
-630.803.603.162.489;32.018.259.270.095.100;2.930.883.483.886.710;1.238.946.111.262.890;0.4208909180354241;4.525.117.361.982.200;1;;
-7.028.709.114.898.350;3.408.910.340.602.230;3.287.662.658.691.400;13.217.672.639.244.800;0.0518437283653772;536.818.262.165.929;1;;
-6.601.456.878.046.650;3.181.021.516.948.310;2.784.747.619.628.900;12.324.424.065.968.800;0.3994085687976318;623.460.940.352.521;1;;
-71.635.491.332.183;20.296.420.276.828.600;4.035.109.252.929.680;7.953.423.248.899.300;-265.871.095.686.335;14.627.516.763.008.100;0;;
-7.125.657.685.446.460;4.248.940.565.460.760;3.159.092.102.050.780;16.433.512.881.445.500;0.0127119213704926;3.438.825.374.307.880;1;;
-6.158.338.786.369.020;22.757.123.860.189.300;3.468.228.454.589.840;8.842.722.611.478.990;-12.098.518.508.622.100;9.351.757.208.847.730;1;;
-11.232.735.032.532.600;2.082.795.463.443.640;39.641.510.009.765.600;8.442.682.574.662.580;-27.121.949.683.961.500;10.806.679.482.664.800;0;;
-9.894.795.415.110.440;17.868.140.193.571.100;29.469.781.494.140.600;7.203.403.645.427.830;-2.610.316.738.543.120;9.680.026.953.158.170;0;;
-8.918.484.514.692.630;1.504.981.017.606.560;2.579.653.015.136.710;6.056.036.906.292.640;-24.741.907.545.006.500;889.031.795.148.151;0;;
-12.035.224.929.865.300;3.247.155.953.288.850;3.338.334.045.410.150;12.964.233.908.157.700;-1.368.340.358.674.500;5.909.911.435.991.610;0;;
-8.754.565.617.561.820;33.456.435.155.058.400;3.246.981.201.171.870;13.079.976.842.263.000;0.007906318477198;5.227.019.851.932.250;1;;
-7.388.127.987.560.180;3.190.170.087.744.590;3.663.975.524.902.340;12.401.451.786.543.500;-0.0054068389563423;6.634.441.347.963.710;1;;
-5.251.678.415.733.000;4.144.096.597.674.150;3.727.734.680.175.780;15.944.148.438.579.200;1.249.242.584.760.470;8.230.981.600.968.780;1;;
-8.671.256.528.247.310;14.496.729.444.808.300;269.250.732.421.875;58.280.288.101.398.100;-2.304.818.962.089.420;9.374.038.458.636.090;0;;
-9.370.638.699.926.120;17.695.434.630.927.100;2.400.511.474.609.370;7.098.800.615.721.820;-0.6717028050071973;7.032.203.516.191.730;1;;
-6.337.120.060.644.030;2.189.371.216.903.280;2.297.623.291.015.620;8.521.264.835.518.390;-0.3690069977921348;369.735.750.345.192;1;;
-10.646.401.293.661.100;16.719.953.377.701.800;3.135.721.740.722.650;6.823.574.059.810.290;-2.878.289.965.098.060;11.952.052.817.564.100;0;;
-11.001.087.452.620.700;260.296.933.766.462;33.680.596.923.828.100;10.411.102.250.440.000;-23.183.934.982.676.000;8.222.749.787.663.760;0;;
-7.255.121.462.516.510;3.785.134.463.321.530;3.681.539.001.464.840;14.667.961.720.394.800;-13.019.671.391.461.600;6.594.536.084.509.160;0;;
-8.836.067.296.634.070;14.150.670.250.912.200;33.430.926.513.671.800;5.706.792.967.803.060;-35.078.307.970.245.400;179.350.293.521.299;0;;
-1.247.697.367.658.390;20.213.815.727.718.700;2.533.168.182.373.040;8.320.709.732.400.330;-15.800.479.507.942.100;6.081.754.728.765.140;1;;
-8.770.772.696.025.610;6.500.493.345.341.280;384.549.560.546.875;25.138.898.471.879.700;0.312327151209857;578.636.796.094.564;1;;
-5.348.576.162.218.820;2.642.297.430.600.350;26.435.467.529.296.800;10.208.197.754.087.300;-0.1520839650307142;393.690.864.062.404;1;;
-4.525.628.130.907.240;2.503.892.755.878.030;3.290.749.816.894.530;964.815.767.970.657;0.2818485776244037;7.377.490.611.055.310;1;;
-9.118.736.183.766.930;3.452.371.375.245.890;4.546.553.039.550.780;13.512.767.854.319.400;-13.051.052.032.747.100;7.066.661.918.821.370;0;;
-8.212.421.072.351.250;299.171.434.240.034;302.960.205.078.125;11.692.102.649.075.700;-0.0899101653500947;7.040.529.550.316.160;1;;
-811.033.738.826.595;17.852.909.332.535.200;3.265.705.871.582.030;707.478.382.918.682;-24.182.355.239.759.700;10.244.155.305.921.500;0;;
-10.055.495.609.920.200;2.765.569.510.615.850;2.909.958.190.917.960;10.956.460.524.849.200;-0.986464802902171;5.734.336.057.568.100;1;;
-4.946.627.144.131.770;3.704.656.567.468.680;27.876.300.048.828.100;14.252.718.377.899.200;0.7254964591821792;5.350.741.659.577.820;1;;
-10.237.839.078.820.500;24.858.676.108.882.300;3.493.376.159.667.960;990.158.262.870.744;-149.227.276.536.471;7.546.929.603.805.180;0;;
-5.450.324.880.674.550;4.253.103.768.261.300;413.212.158.203.125;1.636.889.909.216.200;-0.6383708901196933;7.417.252.913.864.880;1;;
-11.087.049.009.204.900;31.787.571.431.234.400;3.349.253.234.863.280;1.261.902.019.122.740;-1.016.938.004.419.740;479.989.545.161.108;1;;
-10.594.954.178.362.100;17.595.682.714.846.800;29.080.029.296.875;715.410.110.616.144;-22.434.209.213.713.900;7.763.133.776.050.370;0;;
-1.016.742.266.018.040;13.916.539.606.113.400;22.971.717.834.472.600;5.714.006.357.587.520;-2.099.685.067.223.080;6.571.316.929.125.530;0;;
-8.646.885.295.321.040;4.385.422.493.373.330;3.195.809.631.347.650;17.046.850.455.609.300;0.2943545887276232;2.859.320.643.718.270;1;;
-657.035.002.750.503;27.444.971.502.813.400;25.487.864.685.058.500;10.654.461.935.402.800;0.6681419804960839;53.533.446.030.192.400;1;;
-9.903.120.301.560.140;19.941.456.424.021.400;3.970.561.218.261.710;799.645.503.316.583;-28.762.368.344.959.400;12.540.406.151.130.600;0;;
-7.782.095.944.931.730;1.331.015.723.108.230;22.975.027.465.820.300;5.318.606.301.825.450;-13.499.168.551.444.900;59.171.168.986.488;0;;
-7.635.331.772.435.660;11.276.601.367.822.600;3.596.560.974.121.090;45.327.331.120.354.900;-3.649.381.282.629.270;20.957.342.088.406.300;0;;
-5.074.399.325.385.690;6.572.660.348.205.530;5.100.260.925.292.960;2.521.912.254.882.000;-0.8496823335362004;5.390.279.451.055.800;1;;
-820.760.087.701.626;19.494.360.611.591.200;4.048.623.046.875;7.708.212.555.611.940;-22.473.122.388.596.300;1.030.825.401.480.080;0;;
-979.765.222.295.651;22.688.715.912.224.300;3.750.606.384.277.340;9.038.516.247.923.580;-10.513.510.420.726.200;994.030.325.797.891;1;;
-7.999.883.070.417.340;37.811.064.611.153.900;2.628.919.982.910.150;14.695.989.743.957.400;0.4680051898037653;4.333.261.532.181.630;1;;
-992.096.710.109.129;212.044.084.236.268;2.690.604.553.222.650;848.050.749.769.058;-18.008.366.401.972.900;5.891.228.675.515.700;0;;
-9.291.741.781.281.660;2.026.147.595.152.810;3.215.500.183.105.460;8.073.914.079.165.370;-231.831.380.045.569;10.494.133.585.585.300;0;;
-828.408.080.507.718;18.433.401.011.259.100;4.198.134.460.449.210;7.307.534.418.571.710;-2.413.754.052.809.050;13.950.936.341.604.500;0;;
-58.704.245.066.770.200;3.844.220.581.442.720;312.027.587.890.625;1.482.432.438.249.620;0.7556512572519163;66.062.570.986.465.600;1;;
-7.081.610.583.656.670;4.439.971.495.355.300;4.120.679.931.640.620;17.161.241.329.976.500;-0.3779921792208488;7.230.694.626.171.650;1;;
-8.934.855.734.880.120;33.797.997.839.094.400;3.061.145.324.707.030;13.222.711.328.947.800;-0.6882563453538859;39.673.674.607.033.800;1;;
-7.104.071.591.704.030;5.821.697.922.946.150;3.852.814.636.230.460;2.244.341.751.991.430;0.7037716299028649;6.760.631.249.207.560;1;;
-9.388.743.034.231.680;4.800.424.679.601.970;3.245.502.319.335.930;18.684.126.676.244.200;-0.0773374161827854;35.011.722.618.658.700;1;;
-5.926.556.870.359.230;2.338.287.056.155.220;23.896.897.888.183.500;9.071.177.348.387.580;-0.0635462938016826;6.107.195.794.576.360;1;;
-5.838.824.114.368.440;23.509.711.616.399.700;2.716.363.830.566.400;9.115.710.895.609.250;0.02590187352406;6.373.401.142.815.640;1;;
-7.808.614.280.804.880;17.845.275.585.496.700;30.578.564.453.125;7.053.508.703.378.830;-2.424.645.222.679.010;11.531.491.701.805.500;0;;
-7.232.628.178.559.060;39.770.744.501.780.200;413.093.505.859.375;15.400.310.848.011.800;-0.7148175757865978;6.144.915.365.525.450;1;;
-9.339.849.711.008.940;1.651.225.131.913.690;2.601.254.272.460.930;6.644.386.187.583.960;-18.349.914.667.560.500;6.255.496.045.351.630;0;;
-7.217.790.077.001.430;37.244.862.208.052.700;363.426.025.390.625;14.434.099.134.440.300;-0.1485329267557186;2.852.474.945.193.800;1;;
-6.496.310.654.369.900;2.782.276.032.565.940;3.831.385.803.222.650;1.079.515.523.966.230;-14.795.217.546.328.000;10.563.874.759.270.000;0;;
-8.844.621.717.198.620;21.541.993.101.834.500;3.331.039.428.710.930;8.532.334.631.471.500;-1.905.562.864.447.900;8.014.167.960.979.530;0;;
-8.380.051.933.956.580;14.725.419.521.504.300;26.033.673.095.703.100;5.896.456.324.648.200;-17.474.261.213.160.400;5.459.380.618.425.300;0;;
-7.431.654.327.463.650;3.634.365.145.161.350;34.167.333.984.375;14.101.630.680.462.600;-0.4103172813574336;6.415.350.265.209.980;1;;
-808.352.435.914.671;2.700.789.742.273.620;30.167.547.607.421.800;10.572.160.740.069.900;0.2729727427158028;5.177.400.721.472.940;1;;
-9.798.407.456.068.190;19.319.020.778.776.900;2.708.908.996.582.030;7.750.675.331.964.920;-17.583.748.801.647.300;74.467.536.764.413.500;0;;
-9.340.043.230.114.910;1.620.570.945.989.310;3.474.578.552.246.090;6.527.239.705.190.620;-232.003.516.193.796;10.381.464.368.980.900;0;;
-10.194.083.987.166.400;228.443.190.141.886;3.621.941.528.320.310;912.827.847.656.844;-2.599.846.497.825.350;11.894.860.086.420.300;0;;
-937.343.698.505.116;15.565.788.246.857.400;269.446.044.921.875;6.285.050.236.477.360;-2.246.401.603.375.740;1.000.682.521.271.000;0;;
-7.589.101.250.819.520;16.782.508.406.930.100;26.823.065.185.546.800;6.634.400.730.821.910;-2.121.949.906.680.560;861.065.178.048.678;0;;
-10.667.204.507.391.200;2.198.153.800.082.770;3.921.394.348.144.530;8.836.246.345.069.950;-16.181.350.622.830.200;660.165.514.741.583;0;;
-8.505.709.688.318.280;464.800.311.362.511;3.393.805.847.167.960;1.804.117.850.616.320;-0.3139723091183635;31.499.649.676.603.200;1;;
-8.417.785.875.134.950;1.319.251.010.121.020;3.469.601.135.253.900;53.130.009.136.520.000;-28.513.773.105.189.300;14.399.232.136.267.100;0;;
-988.649.218.989.544;302.698.059.222.362;33.467.889.404.296.800;11.942.692.529.210.000;-1.883.887.057.293.810;813.030.843.046.713;0;;
-7.314.380.491.066.040;1.880.711.825.847.020;3.071.361.999.511.710;7.392.558.217.429.350;-1.455.750.369.718.530;8.802.136.752.773.540;0;;
-7.834.066.467.885.650;10.922.908.742.341.000;2.312.890.472.412.100;4.409.301.788.674.410;-20.469.435.950.486.500;7.993.654.348.892.420;0;;
-839.026.227.198.777;16.212.388.263.506.400;2.882.892.761.230.460;646.543.022.110.643;-225.014.914.967.324;9.518.364.967.985.020;0;;
-9.542.869.315.565.520;5.893.684.197.835.060;3.238.187.561.035.150;22.873.716.612.071.700;-0.0433585924160635;3.737.161.433.205.390;1;;
-8.476.973.945.055.050;17.447.056.616.808.000;3.339.580.383.300.780;6.942.910.470.471.420;-2.213.013.630.622.460;9.819.445.911.201.360;0;;
-5.101.548.764.307.470;2.452.717.082.294.310;3.941.958.923.339.840;947.375.529.534.387;-13.293.126.830.077.600;8.267.775.533.818.610;1;;
-923.585.103.264.557;3.202.423.527.098.610;3.421.730.651.855.460;1.256.568.292.967.480;-0.9247968833958716;468.393.311.486.984;1;;
-5.714.503.125.894.920;3.704.016.339.052.150;4.272.267.761.230.460;1.428.155.994.457.700;-0.6721542299935543;416.688.778.369.142;1;;
-7.225.710.007.888.110;27.548.876.235.372.500;3.191.694.030.761.710;10.728.730.500.080.700;-0.7350275139267503;6.997.044.058.268.050;0;;
-937.541.792.684.048;4.140.506.657.304.770;3.622.335.815.429.680;16.160.964.363.318.600;-0.758432665557722;4.278.440.397.587.900;1;;
-7.938.776.115.463.750;1.792.907.189.951.610;3.393.968.200.683.590;7.093.369.643.255.270;-2.049.153.403.168.760;8.804.474.500.034.630;0;;
-9.845.193.988.189.810;2.157.900.821.799.290;3.655.578.308.105.460;8.617.955.163.226.850;-21.831.818.993.288.700;8.779.614.531.581.890;0;;
-8.508.854.405.489.640;3.977.638.663.443.790;4.536.287.536.621.090;15.479.250.077.471.100;-0.1934043086742999;8.652.841.074.962.690;1;;
-9.467.745.503.193.040;1.423.202.174.612.940;21.261.441.040.039.000;5.782.075.930.549.030;-18.835.533.115.401.700;649.618.892.748.701;0;;
-7.195.145.620.653.050;2.583.035.661.252.470;28.673.681.640.625;10.070.227.697.867.100;-0.1397141520332681;411.320.497.490.298;1;;
-8.126.955.468.896.510;3.320.720.595.959.490;3.527.360.534.667.960;12.944.227.300.406.400;-0.4885926384517889;9.722.633.965.992.300;1;;
-6.073.005.151.193.660;4.075.134.650.511.210;3.505.399.475.097.650;15.716.125.312.820.700;-0.203702834845056;4.147.388.052.193.110;1;;
-11.094.082.749.136.200;2.119.600.203.091.260;2.795.810.546.875;8.571.518.660.769.570;-2.354.427.980.045.030;851.912.316.013.512;0;;
-1.049.073.430.621.710;20.951.388.131.120.200;35.740.850.830.078.100;8.428.252.688.730.210;-20.766.207.866.416.500;9.874.615.720.799.280;0;;
-6.571.748.661.127.720;2.911.333.832.100.960;3.496.285.095.214.840;11.292.181.985.427.200;-0.8190144280065045;7.618.380.168.536.100;1;;
-77.442.365.770.088.300;4.371.336.910.219.960;3.922.997.131.347.650;1.693.646.724.187.480;-0.0748011189456189;356.151.379.881.562;1;;
-9.666.485.177.713.490;2.186.014.667.069.190;3.819.405.212.402.340;8.712.079.313.749.300;-306.086.552.619.716;15.089.411.362.664.100;0;;
-6.957.249.736.900.510;5.653.815.754.604.450;4.176.026.611.328.120;21.793.881.318.050.100;0.3331942400578455;9.683.608.505.666.590;1;;
-8.902.747.496.218.510;11.235.358.781.988.700;2.267.868.194.580.070;4.597.081.691.891.100;-21.511.162.015.333.200;7.592.916.916.738.110;0;;
-6.703.700.033.290.000;3.904.559.563.463.870;3.583.283.386.230.460;1.509.498.578.034.790;-0.1931739021952327;2.459.073.254.755.530;1;;
-1.034.073.019.124.080;2.288.387.979.697.960;477.687.255.859.375;9.154.907.997.199.720;-2.957.144.864.665.650;17.420.288.134.095.500;0;;
-8.912.692.923.687.710;1.468.052.683.516.630;2.380.144.195.556.640;5.914.502.112.071.320;-1.997.183.126.215.840;7.974.926.395.492.080;0;;
-5.702.335.633.319.170;24.130.437.828.235.700;3.180.960.388.183.590;9.346.931.904.213.640;-0.9224880929259802;7.108.093.547.295.730;1;;
-7.501.870.931.062.330;2.677.507.683.147.120;3.171.385.498.046.870;10.448.529.138.844.500;-0.3365836282221141;6.538.514.750.677.210;1;;
-11.588.212.495.166.700;24.783.548.082.650.100;4.398.370.056.152.340;9.985.515.725.469.130;-28.869.137.925.312.300;131.794.869.632.959;0;;
-7.153.681.468.629.300;15.571.908.899.677.700;3.873.907.775.878.900;6.147.175.037.452.550;-2.471.624.595.926.630;14.263.141.616.334.800;0;;
-743.514.903.430.249;1.252.282.143.791.270;280.016.845.703.125;4.997.508.021.692.520;-2.547.190.535.220.430;13.851.452.220.164.300;0;;
-10.414.735.557.761.800;1.817.030.006.410.560;3.526.354.064.941.400;7.359.248.475.874.210;-3.290.915.034.202.420;14.244.681.532.689.300;0;;
-5.034.686.069.910.410;2.936.863.287.461.430;3.501.714.782.714.840;11.321.571.784.607.300;-0.3985664718867222;5.339.015.594.800.190;1;;
-10.719.478.373.985.500;25.615.861.228.262.600;4.600.157.775.878.900;1.022.955.754.332.670;-290.688.222.848.515;14.535.425.106.013.600;0;;
-8.903.153.576.401.570;1.922.264.093.255.880;3.068.735.656.738.280;7.649.848.565.282.280;-18.856.917.152.445.200;7.689.274.398.523.020;0;;
-8.136.044.659.301.800;2.930.866.884.862.260;3.285.289.306.640.620;11.454.771.375.095.900;-1.186.790.766.356.110;5.046.373.445.840.100;1;;
-8.556.233.041.147.610;2.639.457.043.507.100;4.544.002.380.371.090;10.367.810.091.655.700;-30.368.022.476.792.200;1.557.348.216.744.760;0;;
-9.184.615.646.099.570;18.460.909.837.434.100;2.733.877.258.300.780;7.378.172.822.840.800;-2.471.077.753.088.110;10.016.985.882.185.600;0;;
-7.935.444.301.791.720;1.655.120.279.627.670;3.440.094.909.667.960;6.566.545.926.628.840;-23.837.091.486.511.300;11.191.409.538.502.000;0;;
-9.199.792.639.182.000;23.109.607.696.654.800;4.432.603.149.414.060;915.597.155.921.778;-37.792.121.643.353.600;20.844.565.789.179.900;0;;
-1.074.136.598.481.650;2.207.530.580.070.610;3.328.103.332.519.530;8.878.152.554.015.850;-129.123.278.521.306;6.261.762.349.106.600;1;;
-965.896.359.789.753;2.532.777.281.042.070;2.949.098.815.917.960;10.036.850.466.439.000;-1.878.797.988.546.970;7.276.263.056.254.530;0;;
-1.036.501.803.967.050;2.084.685.027.610.690;4.640.875.244.140.620;8.378.277.390.763.500;-29.187.450.619.447.400;1.609.463.916.360.690;0;;
-8.686.253.596.054.050;15.971.905.778.049.400;457.683.837.890.625;6.392.836.116.237.100;-33.311.449.458.486.000;21.996.338.168.503.900;0;;
-9.468.148.096.399.070;2.186.986.396.000.580;37.013.287.353.515.600;8.701.288.361.564.800;-18.236.910.475.827.600;8.095.291.423.666.280;0;;
-10.030.286.720.542.100;13.034.005.336.004.100;3.166.449.584.960.930;5.366.115.462.203.980;-32.533.807.720.190.000;14.288.954.313.477.900;0;;
-6.743.860.774.605.870;1.893.770.687.553.450;2.888.534.851.074.210;7.411.814.821.268.140;-0.2137991187346507;7.370.455.266.892.770;1;;
-7.193.289.228.403.000;3.635.414.332.808.660;3.308.454.284.667.960;14.092.316.892.722.100;-0.4228214726919209;7.213.546.471.910.100;1;;
-1.001.216.984.733.130;25.695.913.540.003.400;27.961.199.951.171.800;10.204.108.984.177.300;-0.3182398923757059;4.343.654.883.349.570;1;;
-10.424.579.251.609.800;4.257.942.370.755.140;29.265.631.103.515.600;16.689.199.561.560.500;-0.2829435818623615;3.014.184.363.270.560;1;;
-7.514.934.229.705.920;3.343.738.287.354.220;32.382.080.078.125;12.995.612.266.082.100;-0.5704413571550107;4.839.868.347.965.370;1;;
-8.870.873.441.549.000;9.945.525.076.295.320;2.135.040.740.966.790;41.019.420.202.043.400;-2.790.719.561.333.280;103.670.684.835.423;0;;
-6.697.761.948.404.790;22.931.698.869.651.800;3.053.175.964.355.460;8.935.950.285.760.020;-11.928.562.508.724.300;8.678.233.991.467.110;1;;
-9.455.742.901.275.810;161.612.096.942.398;3.607.861.633.300.780;651.854.346.925.949;-2.809.302.547.760.320;11.940.373.182.890.000;0;;
-6.270.967.413.610.000;3.058.093.333.976.010;3.057.073.059.082.030;11.838.332.995.916.700;-0.3195516120497308;39.385.255.154.884.700;1;;
-1.115.898.864.894.380;2.344.554.174.746.520;3.028.318.176.269.530;9.436.813.067.625.470;-2.042.058.753.934.300;7.140.408.110.036.520;0;;
-7.265.652.054.961.870;3.481.689.694.523.110;30.211.181.640.625;13.508.780.245.040.900;0.4396695706670286;6.998.844.105.770.780;1;;
-8.491.663.000.795.620;4.027.064.830.132.180;3.565.050.354.003.900;15.667.039.858.229.100;-0.0555862568708228;451.257.836.299.037;1;;
-7.409.500.516.142.860;1.981.409.208.312.290;3.213.222.045.898.430;7.782.776.461.538.490;-12.906.479.049.196.900;6.737.291.385.170.840;1;;
-58.388.841.960.458.200;21.174.817.741.644.700;3.113.282.470.703.120;8.223.317.138.255.400;-0.4688506424816697;768.235.423.432.575;1;;
-4.432.502.990.799.370;3.365.183.523.869.540;3.103.617.858.886.710;129.368.225.785.513;0.8069171741127091;8.045.230.633.887.050;1;;
-952.354.885.531.918;18.646.585.393.888.900;3.031.238.708.496.090;747.337.262.780.463;-2.199.693.317.250.500;845.867.242.719.153;0;;
-7.028.885.109.400.960;2.887.171.572.110.510;3.459.120.178.222.650;11.223.596.521.924.100;-0.725582958818612;7.198.286.810.559.520;1;;
-6.506.365.497.689.540;2.422.447.563.807.160;3.177.425.842.285.150;9.420.390.519.854.940;0.1939663446004667;8.155.668.673.918.540;1;;
-5.630.989.832.532.540;3.814.931.591.764.760;3.173.374.938.964.840;1.470.185.669.742.530;0.8374452822365536;6.943.261.980.252.850;1;;
-9.883.496.239.631.950;13.439.480.137.319.200;3.043.176.574.707.030;550.991.563.752.915;-32.646.954.418.952.100;13.316.645.705.855.600;0;;
-7.154.924.212.463.980;5.383.053.247.056.340;3.936.846.008.300.780;2.076.968.892.878.720;0.2242090838486589;6.584.018.576.966.960;1;;
-8.234.108.721.157.450;2.399.765.084.471.860;2.281.923.828.125;943.103.584.131.398;-0.3562393270417951;5.269.400.766.448.810;1;;
-8.837.854.971.553.810;2.820.016.940.968.900;317.760.986.328.125;11.076.632.303.247.300;-0.8155637166124049;4.884.344.845.153.560;1;;
-6.787.831.909.181.410;22.379.079.959.018.700;3.162.225.646.972.650;8.729.381.718.605.310;-0.9312699862600196;6.492.297.720.270.260;1;;
-874.151.433.714.666;3.639.833.182.695.680;3.578.129.577.636.710;1.420.349.701.091.170;-0.8214457943369904;6.434.623.755.714.740;1;;
-9.455.524.122.364.880;3.025.160.813.564.940;4.334.874.877.929.680;11.903.877.940.475.400;-15.584.508.206.385.700;8.246.801.197.961.620;0;;
-10.343.542.445.098.400;200.493.188.738.275;3.208.514.709.472.650;8.071.761.135.915.270;-15.988.723.698.052.400;5.172.368.370.905.630;0;;
-105.466.436.800.256;1.867.547.955.046.150;22.000.621.032.714.800;7.562.895.814.501.490;-16.762.492.291.761.100;5.376.522.987.122.000;0;;
-7.129.134.647.876.910;9.117.345.530.597.950;25.382.635.498.046.800;3.678.900.933.277.460;-27.580.430.896.117.300;12.036.250.994.953.900;0;;
-919.319.339.355.896;19.325.577.877.012.300;3.374.718.933.105.460;770.925.144.843.031;-22.148.285.507.134.700;10.042.646.341.321.500;0;;
-6.959.440.953.593.280;6.603.138.279.368.230;4.166.032.409.667.960;25.422.308.557.618.700;-0.3512433969454263;4.189.730.818.382.650;1;;
-5.746.302.071.791.520;3.477.660.440.751.350;3.771.056.213.378.900;13.417.820.596.777.700;0.0758919452624657;598.938.769.918.966;1;;
-862.388.488.612.455;4.237.378.514.266.460;28.300.634.765.625;16.479.508.136.128.700;0.1765357346691;44.543.647.834.501.500;1;;
-7.491.461.184.499.210;2.191.942.268.068.570;3.219.310.302.734.370;8.592.101.596.932.690;-0.6311834212348901;9.200.849.821.800.960;1;;
-6.927.444.359.998.170;395.329.219.731.075;3.811.005.859.375;15.292.898.591.170.900;-0.4239747643198848;5.982.168.251.289.060;1;;
-7.833.372.642.056.580;3.122.693.920.666.710;3.208.507.080.078.120;12.169.460.685.188.400;-0.6804312742355252;32.455.257.372.513.600;1;;
-9.886.817.261.735.720;11.243.143.222.993.300;23.903.985.595.703.100;4.670.726.612.404.960;-2.546.063.284.037.830;8.938.042.443.280.320;0;;
-9.122.394.175.313.880;2.852.534.639.402.370;4.308.605.346.679.680;11.220.446.876.317.900;-3.265.612.135.708.280;16.737.519.791.206.000;0;;
-8.422.499.958.242.710;3.243.954.357.033.590;3.994.436.340.332.030;12.669.520.520.781.500;-0.5768375294707536;6.425.202.064.876.540;1;;
-8.475.053.915.574.610;14.615.098.180.071.600;2.800.076.599.121.090;5.860.411.555.991.780;-28.263.843.075.695.800;13.542.097.233.396.600;0;;
-9.507.507.871.000.420;2.115.596.437.348.290;32.699.224.853.515.600;8.431.290.505.560.470;-23.707.135.875.360.200;10.367.991.848.692.800;0;;
-6.643.660.385.071.860;12.472.072.726.155.600;33.724.853.515.625;4.935.522.485.435.810;-3.506.374.466.866.690;19.694.247.070.564.300;0;;
-1.107.439.301.685.450;2.493.841.861.558.100;3.805.196.533.203.120;10.000.202.009.478.900;-2.600.509.043.106.900;10.866.620.753.234.600;0;;
-10.305.395.544.917.500;3.690.474.825.811.120;3.323.837.585.449.210;14.510.895.684.032.900;0.0559375633508281;4.932.621.576.104.300;1;;
-6.523.290.213.322.420;5.468.714.685.595.700;3.865.611.267.089.840;21.064.066.299.068.800;0.3851959829127768;67.926.700.281.967.700;1;;
-6.518.366.808.848.660;34.563.147.697.551.900;49.427.685.546.875;13.372.428.412.581.000;-0.4426491019205828;77.623.750.749.764.700;1;;
-7.589.685.890.343.850;4.724.207.875.128.510;40.852.288.818.359.300;18.276.082.433.316.800;-0.2382605311124636;3.824.921.796.808.470;1;;
-9.915.998.564.341.620;5.155.268.039.815.240;4.405.379.638.671.870;2.007.924.034.738.590;-0.4280038004477224;4.485.598.034.160.150;1;;
-6.395.456.558.858.560;31.005.932.908.253.700;435.993.896.484.375;12.006.794.484.021.400;-14.106.656.576.263.900;833.472.825.135.434;1;;
-9.119.988.309.608.770;1.538.350.284.877.710;2.822.575.378.417.960;619.746.653.062.764;-204.509.267.765.369;1.015.126.702.117.440;0;;
-72.617.922.317.022.200;2.726.556.753.851.830;392.383.544.921.875;10.622.447.833.385.200;0.3079567936926987;10.091.918.386.767.300;1;;
-627.354.331.802.146;16.414.428.641.380.700;3.397.257.995.605.460;6.424.018.402.242.270;-19.299.381.152.658.200;942.569.158.266.753;0;;
-7.298.111.145.381.580;38.545.170.061.635.400;36.916.400.146.484.300;14.935.532.990.838.700;0.0113352314580577;4.914.967.320.798.560;1;;
-1.005.510.398.694.710;17.605.546.469.474.400;3.456.001.281.738.280;7.115.263.614.704.880;-1.081.029.472.687.110;4.602.389.591.242.910;0;;
-9.500.249.129.817.300;2.454.256.710.947.820;3.587.660.217.285.150;972.512.274.078.889;-2.361.890.031.165.230;953.263.181.996.201;0;;
-10.939.314.277.988.700;2.830.862.903.456.060;41.214.984.130.859.300;112.769.313.942.562;-2.317.178.303.504.710;8.931.799.893.394.210;0;;
-8.929.065.796.155.390;14.889.590.324.482.700;30.056.365.966.796.800;5.995.522.663.539.020;-2.286.070.330.551.600;9.777.999.488.189.450;0;;
-816.338.153.558.621;16.522.666.727.008.700;3.731.116.943.359.370;6.569.664.353.383.930;-21.951.395.943.273.200;974.677.845.690.435;0;;
-11.836.565.594.008.000;26.099.732.845.519.500;2.671.726.989.746.090;10.510.796.471.061.600;-0.7172928833658154;5.552.922.906.408.480;1;;
-7.700.466.784.867.120;2.132.825.136.141.460;2.662.492.980.957.030;83.782.915.255.626;-0.2226866372982834;6.267.626.661.297.990;1;;
-10.289.221.862.233.500;2.598.944.741.410.390;2.796.433.410.644.530;103.377.946.283.892;-0.1607908040690455;5.580.633.727.164.550;1;;
-696.954.031.054.453;17.276.872.055.180.400;261.376.708.984.375;6.788.872.208.450.210;-0.6658258055076886;6.872.729.537.047.740;1;;
-50.556.976.633.395.900;30.655.005.415.624.400;2.737.116.394.042.960;11.814.033.691.266.400;0.278764424961277;5.153.352.965.077.730;1;;
-8.482.788.903.870.890;13.049.026.188.792.000;3.377.674.865.722.650;5.262.360.167.756.240;-3.614.515.143.269.400;19.891.116.765.086.300;0;;
-7.866.320.881.441.870;2.539.484.733.053.140;33.272.088.623.046.800;9.942.412.203.819.010;-0.4279060639052908;6.973.980.861.573.580;1;;
-9.994.898.574.609.790;10.226.051.678.161.200;2.385.924.072.265.620;4.290.207.097.902.190;-31.022.604.996.250.800;11.770.342.649.520.800;0;;
-92.007.507.834.874;3.250.374.463.576.430;26.893.756.103.515.600;12.746.478.080.642.100;0.1693602540985578;42.442.200.647.318;1;;
-10.087.979.145.051.700;15.867.527.434.233.900;2.790.498.352.050.780;6.453.523.694.753.090;-15.937.983.184.758.100;5.404.450.204.532.600;0;;
-8.190.724.766.615.400;18.528.425.093.799.600;3.191.672.058.105.460;733.797.430.060.796;-2.346.626.981.987.410;10.137.986.835.963.600;0;;
-5.505.004.147.506.860;31.608.423.273.914.900;28.407.574.462.890.600;12.196.565.355.368.300;0.3778616476984671;5.783.072.499.805.730;1;;
-8.385.471.805.888.220;15.173.600.460.197.600;34.278.204.345.703.100;6.068.098.373.058.410;-228.838.037.573.847;11.374.745.438.804.400;0;;
-1.134.823.537.867.760;19.894.538.980.804.900;3.004.137.268.066.400;8.095.899.307.877.780;-2.327.549.128.774.960;8.589.952.343.922.420;0;;
-9.844.519.026.340.230;11.572.986.015.865.400;24.200.173.950.195.300;4.793.602.683.938.610;-31.213.616.358.964.700;1.156.199.130.320.470;0;;
-10.137.732.224.052.900;479.099.523.145.667;3.652.385.864.257.810;18.703.984.529.806.700;0.1800032139301318;5.832.663.756.911.960;1;;
-1.132.298.589.406.990;1.677.988.622.482.020;2.448.403.778.076.170;6.903.291.171.654.330;-2.396.163.437.741.550;7.594.244.796.999.960;0;;
-10.099.455.679.392.000;17.461.568.446.988.800;3.961.969.299.316.400;7.063.651.657.625.610;-3.439.119.104.771.810;1.668.929.721.961.290;0;;
-7.871.659.846.642.370;13.566.138.594.870.500;3.015.953.369.140.620;5.421.800.866.808.560;-22.856.598.766.474.600;11.210.417.175.368.400;0;;
-10.076.947.942.469.700;17.236.334.094.805.100;28.333.526.611.328.100;6.975.831.421.764.830;-2.396.619.649.207.920;8.836.460.747.724.510;0;;
-8.025.986.025.066.020;3.100.880.880.339.930;2.867.239.990.234.370;12.097.766.402.959.300;-0.3651755094809901;4.887.911.954.419.210;1;;
-11.950.764.360.908.300;2.814.344.177.797.590;45.092.578.125;11.302.284.425.934.000;-21.985.513.019.762.500;8.557.612.608.280.380;0;;
-6.301.642.191.374.000;3.722.604.736.076.860;3.049.073.791.503.900;14.379.569.574.931.300;0.0740913492075064;63.752.779.579.299;1;;
-801.585.257.812.235;2.789.202.408.786.680;279.170.654.296.875;10.905.909.983.724.800;-11.350.615.681.010.200;6.650.726.612.296.080;0;;
-7.930.840.975.593.150;4.565.603.246.292.120;3.577.070.617.675.780;17.690.132.675.181.800;0.1805296380295542;5.530.073.022.267.060;1;;
-8.170.451.270.411.110;17.641.000.683.310.400;33.648.394.775.390.600;6.997.532.940.244.640;-14.496.777.709.611.400;7.357.127.806.880.380;0;;
-4.627.836.361.651.420;4.212.401.417.276.410;40.485.247.802.734.300;1.618.165.349.163.990;0.9588622759770988;9.293.167.749.064.740;1;;
-9.301.085.375.162.450;17.213.001.617.468.600;2.890.977.783.203.120;6.909.451.161.150.990;-2.900.132.318.356.860;1.208.520.413.413.570;0;;
-6.773.069.800.573.440;22.542.804.884.482.600;299.665.771.484.375;8.791.192.268.477.850;-0.4040219889860209;5.312.541.108.920.250;1;;
-5.682.665.726.190.410;5.351.567.842.037.490;41.016.510.009.765.600;20.577.114.952.513.200;-0.4464703274238294;6.827.720.373.631.980;1;;
-5.296.372.855.294.240;34.349.147.200.339.800;2.849.246.520.996.090;13.235.457.143.013.900;0.6885067080761723;5.507.737.576.298.600;1;;
-7.811.899.468.788.510;27.665.225.195.510.000;26.356.500.244.140.600;1.080.688.957.531.650;-0.4033684863074197;3.084.044.712.155.910;1;;
-8.825.025.406.704.790;2.976.053.292.560.050;2.448.272.247.314.450;116.721.371.468.101;-0.4274261739437506;28.470.212.546.335.500;1;;
-1.007.035.041.272.530;2.906.179.921.947.470;29.977.838.134.765.600;11.495.016.163.000.100;-0.7304833181113196;499.379.758.670.896;1;;
-10.204.959.713.020.700;17.384.090.664.583.800;3.038.834.533.691.400;7.042.227.128.892.960;-25.052.394.946.240.900;10.095.652.988.914.600;0;;
-11.913.070.550.921.300;14.755.017.607.664.100;25.903.448.486.328.100;61.817.907.469.628.200;-14.802.985.573.087.800;645.332.367.318.845;1;;
-7.504.572.621.270.940;3.648.500.560.750.210;4.847.430.419.921.870;14.159.818.871.478.400;-20.015.012.354.963.600;12.162.998.115.489.900;1;;
-8.185.258.215.462.660;2.086.521.950.999.700;34.006.072.998.046.800;8.230.754.980.470.500;-14.314.156.513.711.500;9.243.970.964.516.090;0;;
-8.529.583.484.242.010;3.674.859.614.048.410;45.579.888.916.015.600;14.323.378.447.145.800;-21.572.849.015.125.300;10.743.689.431.534.200;0;;
-8.489.162.699.467.280;7.593.830.016.086.320;38.460.009.765.625;2.929.905.412.759.980;0.0467512508242381;4.225.220.014.261.020;1;;
-7.820.065.608.671.810;2.436.244.580.315.880;3.437.054.138.183.590;9.545.055.180.612.970;-19.098.343.656.080.000;842.072.473.455.752;0;;
-953.921.360.962.906;30.930.149.405.355.100;561.083.740.234.375;12.169.292.093.747.600;-25.441.215.507.127.200;14.512.771.641.695.800;0;;
-8.342.702.709.436.060;3.514.853.737.012.080;29.543.975.830.078.100;13.699.784.814.299.600;0.3472924804258806;6.413.828.933.266.370;1;;
-11.331.334.333.122.900;2.471.760.415.010.860;34.409.197.998.046.800;9.937.809.810.724.690;-12.507.608.753.641.000;4.498.721.665.254.970;0;;
-9.330.163.673.577.850;24.477.652.829.977.600;3.382.123.413.085.930;9.688.071.480.477.170;-2.260.769.382.376.620;9.567.973.757.464.840;0;;
-48.821.304.305.116.800;4.609.946.748.350.260;4.046.022.033.691.400;17.710.314.597.194.600;0.3944035685802646;5.057.609.957.069.130;1;;
-6.992.091.347.257.420;14.826.291.744.163.100;2.629.990.234.375;5.853.463.767.482.020;-16.952.621.396.488.000;8.003.493.017.947.840;0;;
-4.693.140.667.514.930;372.635.042.071.146;3.618.433.227.539.060;14.326.293.033.919.600;11.328.973.300.319.100;7.713.425.990.993.840;1;;
-8.187.127.058.984.620;4.735.908.042.458.440;3.627.784.729.003.900;1.835.682.556.538.850;-0.014199710026465;4.285.992.280.006.090;1;;
-868.280.155.409.609;3.345.033.851.743.860;3.480.751.037.597.650;13.072.863.947.052.900;-0.0999565017179467;45.825.627.020.368.500;1;;
-8.960.121.597.142.420;14.810.793.510.235.900;3.643.130.798.339.840;5.967.529.883.086.160;-31.993.470.661.399.900;17.378.109.668.855.800;0;;
-8.575.781.804.317.730;34.343.504.329.046.000;4.440.270.385.742.180;13.407.172.650.809.600;-17.849.312.794.293.700;9.430.897.749.479.440;1;;
-7.723.763.433.118.280;1.252.895.125.252.940;2.937.208.557.128.900;5.016.572.394.160.240;-2.546.311.568.784.060;13.073.184.337.958.700;0;;
-10.372.925.138.448.500;2.342.181.676.604.270;2.999.422.912.597.650;9.363.056.303.177.820;-18.306.403.169.438.400;6.257.724.858.285.690;0;;
-9.655.221.836.930.130;3.382.375.057.812.600;2.707.027.587.890.620;1.328.373.695.688.880;-0.4543025011785924;4.239.055.750.206.380;1;;
-6.873.239.191.287.020;2.870.368.358.228.490;25.034.671.020.507.800;11.151.104.560.849.300;0.1327866661712029;3.714.808.659.308.190;1;;
-8.709.168.538.901.110;3.461.554.634.181.000;4.433.089.599.609.370;13.519.959.046.634.000;-0.9737835880891036;6.309.162.601.719.040;1;;
-73.536.974.954.558.700;34.940.152.715.290.100;32.695.318.603.515.600;13.560.808.152.902.400;0.0743767767465071;4.012.531.198.857.420;1;;
-8.939.873.875.419.870;2.140.710.990.698.910;3.257.148.132.324.210;84.872.567.866.912;-2.013.874.693.146.050;82.166.240.104.539;0;;
-10.544.887.757.334.600;24.566.016.259.751.200;3.953.775.329.589.840;9.814.117.396.645.050;-3.684.842.456.424.830;18.066.182.844.715.100;0;;
-8.670.261.747.784.000;3.397.709.547.616.280;27.222.039.794.921.800;1.327.335.877.398.780;-0.7815813483608315;329.693.088.121.817;1;;
-6.316.823.782.550.130;24.042.303.266.201.600;2.794.844.970.703.120;9.341.474.756.380.870;0.8225916538352775;8.403.051.247.463.030;1;;
-537.436.332.791.646;31.452.639.219.668.100;3.051.406.555.175.780;12.131.592.521.428.800;-0.1573355085627618;6.416.229.639.166.420;1;;
-8.933.104.723.162.870;14.374.242.787.843.500;34.403.680.419.921.800;5.798.832.569.414.670;-26.642.872.599.306.900;12.370.628.256.761.200;0;;
-10.467.227.057.492.300;22.524.782.291.744.300;3.783.026.123.046.870;9.027.720.975.072.460;-22.904.287.440.001.300;7.981.244.634.134.770;0;;
-11.653.131.627.945.600;26.821.848.383.086.600;3.118.403.625.488.280;1.077.032.076.410.920;-0.9795899192668358;8.055.036.908.357.140;1;;
-6.803.204.253.075.660;3.861.638.293.998.750;30.933.172.607.421.800;1.493.607.743.341.600;0.0474267879404273;39.662.164.489.914.100;1;;
-4.020.600.344.925.630;6.569.508.362.331.720;4.934.336.853.027.340;2.517.044.445.893.650;0.8744356556816153;1.056.321.462.807.510;1;;
-7.861.868.612.317.650;1.969.146.174.153.860;301.105.712.890.625;7.762.310.591.827.680;-0.8516574394162388;8.423.299.826.371.730;1;;
-8.323.673.828.169.580;348.514.080.803.162;4.041.278.076.171.870;13.585.009.881.100.200;-0.3882555326991369;3.724.215.891.253.300;1;;
-8.291.704.154.410.500;4.494.402.441.422.550;3.943.925.476.074.210;1.744.037.764.256.840;-0.6897294231242093;59.512.504.747.332;1;;
-844.869.747.101.707;11.361.836.846.101.500;3.009.217.529.296.870;4.615.310.271.372.800;-3.012.864.740.271.460;15.173.207.353.139.300;0;;
-9.320.301.981.104.510;2.118.689.430.996.930;3.524.378.967.285.150;8.429.640.612.180.820;-2.372.918.108.388.310;1.134.605.058.397.120;0;;
-11.217.557.811.425.500;17.055.001.028.674.100;3.356.380.310.058.590;6.999.357.424.791;-2.805.768.168.195.790;1.321.093.709.640.730;0;;
-5.342.248.570.251.170;4.169.068.606.490.270;4.238.260.192.871.090;1.604.325.864.082.920;-0.1794213055208029;5.582.356.238.056.960;1;;
-7.460.115.389.675.400;16.662.288.676.344.700;2.619.521.484.375;658.103.372.735.841;-1.968.350.909.954.310;8.055.891.524.167.260;0;;
-7.127.098.420.030.740;3.438.406.480.260.420;3.396.773.986.816.400;1.333.573.009.043.430;-0.223779426747185;6.759.090.430.823.620;1;;
-6.299.656.112.240.510;26.024.679.588.449.100;3.047.648.620.605.460;10.098.311.158.485.600;-0.0807779436008892;4.317.370.275.491.350;1;;
-779.806.472.264.008;4.685.889.731.193.980;40.449.615.478.515.600;18.141.885.659.508.800;-0.0016210469568331;39.783.702.289.977.300;1;;
-899.877.960.746.752;13.113.713.052.893.400;2.800.804.138.183.590;5.321.559.176.383.530;-2.888.096.166.975.390;11.887.985.637.155.300;0;;
-9.820.083.141.356.530;27.396.233.642.348.000;3.020.714.111.328.120;10.839.411.371.861.200;-0.1437131526521392;5.277.839.993.487.160;1;;
-8.799.785.028.920.660;31.137.613.067.371.600;38.781.439.208.984.300;12.196.756.934.023.400;-1.731.322.768.490.210;9.916.989.086.180.930;1;;
-3.758.637.847.824.280;4.935.509.099.652.720;36.506.927.490.234.300;1.891.751.054.294.920;0.6525846681553775;5.608.324.848.642.290;1;;
-11.839.643.169.968.300;3.202.586.720.242.330;3.772.243.041.992.180;12.776.043.513.565.100;-17.040.962.938.372.900;6.367.265.644.034.710;0;;
-6.136.206.569.630.760;2.981.830.347.082.470;319.333.251.953.125;1.154.046.547.128.030;-0.1757035301960959;5.843.003.888.374.170;1;;
-7.862.911.408.654.230;2.840.781.172.000.340;3.055.935.974.121.090;11.093.762.225.770.600;-0.5064864329872737;5.380.230.127.241.690;1;;
-1.891.422.562.731.240;2.582.258.444.985.490;275.011.962.890.625;9.883.064.902.660.460;0.6025361751128456;6.105.971.553.531.370;1;;
-10.662.006.606.415.700;71.232.345.534.145.500;33.748.223.876.953.100;27.659.481.250.143.600;0.1449560569191458;29.251.614.143.330.600;1;;
-1.019.307.117.865.700;20.135.680.456.921.500;2.704.888.000.488.280;8.092.957.902.238.630;-19.765.699.565.858;6.492.742.879.066.480;0;;
-69.395.862.469.158.200;25.486.615.861.646;2.983.172.302.246.090;992.504.391.283.908;-0.5532381315244457;461.963.679.915.707;1;;
-8.023.921.363.479.010;23.736.473.481.633.600;3.574.351.806.640.620;9.318.153.190.969.120;-18.226.292.363.522.800;8.077.724.627.692.140;0;;
-7.594.361.263.055.450;3.587.468.203.820.920;3.666.032.104.492.180;13.931.734.737.485.800;0.2402108881170841;8.726.071.677.430.000;1;;
-10.253.696.728.492.000;17.720.765.864.292.000;3.479.118.347.167.960;7.174.715.282.937.200;-3.353.755.120.523.480;15.210.365.805.738.100;0;;
-9.331.311.628.081.910;5.631.963.567.236.900;3.407.408.142.089.840;21.858.159.199.728.200;-0.1954611111598883;32.563.180.297.826.700;1;;
-7.685.761.551.182.540;2.717.959.169.972.390;32.937.994.384.765.600;10.613.809.044.470.300;-0.6346890213458757;6.323.924.895.412.800;1;;
-9.094.412.160.254.930;265.755.226.068.054;4.708.624.877.929.680;10.473.275.987.291.100;-3.580.281.569.840.250;21.396.249.318.650.600;0;;
-10.372.059.800.902.700;25.917.142.868.119.100;4.356.716.918.945.310;1.031.670.132.908.570;-2.561.719.685.816.510;12.540.059.554.149.000;0;;
-7.136.264.733.128.610;4.716.744.582.934.000;4.463.153.381.347.650;18.222.038.016.506.100;-0.3492663045940026;5.396.664.116.279.890;1;;
-1.117.441.075.699.510;3.414.491.190.901.030;3.327.070.617.675.780;13.527.428.747.561.500;-0.3102175703703064;7.858.257.404.250.080;1;;
-6.541.613.820.511.770;2.819.856.129.962.270;324.616.943.359.375;1.094.104.387.159.750;0.2026851368224468;7.004.336.447.294.990;1;;
-6.366.028.649.248.720;33.515.521.843.107.700;3.032.661.437.988.280;12.964.524.046.392.100;0.9095193252023378;6.521.855.910.336.830;1;;
-9.195.106.721.083.140;19.370.967.767.528.700;4.493.679.504.394.530;7.726.733.933.402.940;-33.908.740.292.265.700;21.906.776.370.317.000;0;;
-10.501.049.508.451.100;22.912.442.316.463.200;29.639.215.087.890.600;9.178.595.193.209.370;-10.790.653.732.852.900;6.443.829.215.669.170;1;;
-8.498.089.591.710.820;406.719.802.150.304;4.168.001.708.984.370;15.820.846.225.265.400;-10.370.901.227.608.100;6.873.721.463.751.800;1;;
-9.414.554.189.205.410;2.608.734.766.436.860;3.508.877.868.652.340;10.309.342.777.804.100;-1.900.876.736.551.950;6.488.507.477.890.910;0;;
-1.176.344.801.254.320;1.857.025.564.799.750;285.095.458.984.375;7.626.435.135.012.290;-17.832.673.916.772.400;6.404.298.741.919.670;0;;
-9.695.861.655.775.570;2.471.658.504.900.280;3.438.504.943.847.650;9.805.984.006.202.500;-0.921614750557157;7.001.115.189.868.500;1;;
-1.065.645.310.598.700;30.274.639.197.170.300;29.166.705.322.265.600;12.004.993.393.640.400;-0.5678391993640054;4.403.343.328.955.690;1;;
-68.238.749.386.739.700;1.799.472.870.552.370;2.123.275.451.660.150;7.055.557.770.052.010;0.5604463498803636;7.071.397.475.602.510;1;;
-8.370.742.286.071.330;3.079.216.123.468.450;2.810.716.552.734.370;12.036.568.989.473.000;-0.3338443864950783;362.015.125.969.181;1;;
-8.306.637.531.913.880;24.419.139.440.539.500;3.187.994.079.589.840;9.596.713.962.099.180;-0.7509559992173391;6.255.425.975.971.420;1;;
-8.970.580.887.577.520;2.159.692.074.426.170;2.654.103.088.378.900;8.561.904.499.079.140;-10.491.226.866.743.500;8.005.750.679.254.230;1;;
-6.131.857.160.385.940;26.760.380.702.246;299.997.802.734.375;1.037.152.345.168.200;-0.6365275001661788;7.628.681.063.073.550;1;;
-997.114.707.596.672;21.239.606.456.347.300;3.461.089.172.363.280;849.777.525.188.431;-2.391.787.166.542.560;9.637.778.988.114.820;0;;
-9.568.942.584.684.340;2.349.326.429.618.550;3.141.159.973.144.530;932.908.575.288.842;-17.386.419.072.135.100;71.216.106.235.703.800;0;;
-10.921.242.303.685.200;26.038.723.786.277.000;3.243.434.143.066.400;10.407.863.675.983.100;-1.803.368.920.981.080;7.475.774.780.600.570;0;;
-942.137.475.676.663;16.212.629.819.951.000;24.929.054.260.253.900;6.535.716.636.604.300;-0.2263035022613918;6.785.293.490.495.780;1;;
-7.293.692.396.498.120;3.080.991.817.073.470;3.406.175.842.285.150;11.978.873.285.071.800;-0.8312101539608836;7.226.524.357.405.760;1;;
-876.446.095.004.401;2.505.117.370.800.010;31.220.709.228.515.600;9.868.148.486.094.460;-0.4463650173024791;679.020.122.051.722;1;;
-11.454.310.963.129.600;19.349.325.467.681.300;3.358.083.801.269.530;789.676.333.165.218;-31.563.279.560.497.800;1.214.989.752.115.870;0;;
-6.245.320.365.440.300;39.303.737.759.528.600;2.881.134.948.730.460;15.170.961.960.848.600;0.2949255411969034;4.478.827.680.613.580;1;;
-6.028.012.013.740.440;29.756.397.928.123.800;35.546.630.859.375;11.511.775.030.147;-0.2095552088803037;7.085.071.995.828.910;1;;
-994.270.364.098.984;1.340.819.519.989.280;2.562.503.967.285.150;5.502.445.018.855.980;-3.269.475.797.703.540;12.974.732.380.239.200;0;;
-8.551.074.129.797.480;4.116.586.462.578.850;2.836.457.214.355.460;16.013.061.420.427.800;0.0207767375853942;39.312.082.220.240.900;1;;
-7.720.695.063.977.410;5.077.155.996.914.840;384.361.572.265.625;19.632.716.323.748.000;0.1958684869078191;5.794.588.717.558.250;1;;
-7.712.352.059.672.330;31.230.584.291.789.800;3.820.129.089.355.460;12.163.663.306.867.300;-13.089.107.708.825.200;6.324.033.616.846.730;0;;
-9.013.822.201.538.430;2.152.199.693.550.370;3.700.953.063.964.840;853.624.087.113.213;-242.519.188.720.251;12.754.063.344.367.800;0;;
-5.833.935.599.038.420;5.646.858.994.020.310;4.748.385.009.765.620;2.171.237.609.822.640;-0.2460188227665774;4.738.069.089.752.730;1;;
-9.500.289.376.010.630;28.360.250.122.378.700;3.143.193.664.550.780;11.184.244.111.000.300;-11.767.697.159.721.000;38.225.372.267.227.900;0;;
-986.573.795.019.403;13.630.761.238.582.100;2.975.630.187.988.280;5.581.682.850.809.950;-33.656.206.701.588.200;14.450.952.620.161.900;0;;
-69.538.940.823.087.700;1.655.062.937.361.490;25.530.517.578.125;65.104.696.357.898.900;-0.0535046477159887;978.954.208.596.838;1;;
-949.091.680.337.617;2.123.894.834.601.480;27.212.371.826.171.800;846.180.226.960.651;-18.338.910.646.611.900;7.685.423.619.407.140;0;;
-723.344.507.762.516;10.918.028.172.084.100;1.778.014.678.955.070;43.728.478.326.056.500;-11.804.130.431.967.600;453.268.761.622.711;0;;
-855.484.839.104.036;1.428.489.538.049.920;2.339.093.170.166.010;5.739.401.731.684.680;-17.120.998.172.831.800;5.596.558.289.097.960;0;;
-6.914.832.770.676.080;4.116.030.774.153.200;4.181.461.791.992.180;15.914.218.213.419.300;0.0225212380328093;4.842.801.911.701.730;1;;
-8.009.435.922.795.170;4.757.373.045.568.670;3.088.595.886.230.460;18.427.865.146.012.200;0.3180470495622987;4.239.252.250.905.580;1;;
-1.043.490.530.845.300;3.991.528.349.046.740;3.868.587.646.484.370;15.671.788.414.956.400;-0.0384026909332221;7.421.494.561.055.110;1;;
-7.933.656.839.326.740;1.818.165.191.900.690;3.196.302.490.234.370;7.189.595.168.690.960;-16.846.663.042.602.500;9.317.807.101.280.760;0;;
-10.191.107.683.866.800;32.931.083.846.730.400;3.226.063.537.597.650;12.983.208.105.220.300;-1.131.668.653.718.280;5.105.232.617.539.160;1;;
-9.793.893.390.159.400;41.749.747.440.430.200;37.678.759.765.625;1.632.336.104.078.630;-1.291.498.897.732.720;6.346.079.939.031.210;1;;
-31.128.586.769.393.900;4.640.900.704.973.140;3.943.490.295.410.150;17.774.557.250.710.300;0.0664067426683193;8.151.793.883.213.910;1;;
-9.095.868.259.131.190;2.183.862.626.330.360;35.492.333.984.375;8.662.935.437.533.560;-2.724.057.090.028.390;1.360.426.761.732.930;0;;
-7.192.710.000.910.890;2.064.963.158.814.640;24.576.779.174.804.600;8.090.020.657.884.400;-0.3335247411183291;5.770.277.191.473.090;1;;
-8.970.808.186.476.300;2.983.279.044.984.660;3.613.390.197.753.900;117.096.694.868.913;-17.119.547.596.511.400;5.967.804.892.607.580;0;;
-938.604.395.404.772;257.728.130.329.908;23.570.448.303.222.600;10.187.079.013.481.200;-0.1539878421712145;3.920.157.830.423.640;1;;
-10.186.319.393.807.600;4.827.573.346.811.230;3.883.784.484.863.280;18.847.560.266.386.000;-0.7394747440659312;43.944.143.604.092.700;1;;
-10.040.206.559.215.200;18.195.390.698.963.700;3.830.850.830.078.120;7.339.557.893.050.960;-2.528.278.400.416.240;10.892.711.303.718.000;0;;
-10.647.949.735.957.300;25.728.192.787.744.200;3.403.661.193.847.650;10.266.649.185.416.500;-18.149.925.736.502;6.496.229.717.238.560;0;;
-798.275.626.418.768;23.360.268.700.776.900;30.732.647.705.078.100;9.171.849.344.962.590;-12.656.714.389.346.000;4.662.440.878.432.630;0;;
-10.779.940.808.897.400;3.432.890.330.704.560;3.696.606.140.136.710;13.564.650.471.282.000;-2.297.673.111.888.170;101.887.128.752.221;0;;
-8.117.405.463.634.360;14.316.536.141.340.600;2.272.312.164.306.640;5.723.620.374.744.480;-1.795.605.743.937.930;624.906.260.583.451;0;;
-7.322.229.365.610.490;1.688.423.476.268.350;34.675.323.486.328.100;6.658.071.220.194.990;-16.620.943.545.177.300;8.355.257.448.669.660;0;;
-135.335.094.933.305;611.893.270.778.231;4.106.589.660.644.530;2.408.658.257.946.950;-0.9472513023500938;4.844.487.200.412.380;1;;
-1.021.736.648.314.430;1.964.883.749.289.840;4.386.339.111.328.120;7.908.781.766.331.860;-2.929.294.316.338.060;14.106.690.657.759.400;0;;
-10.161.343.887.459.200;3.740.899.900.372.180;3.336.575.927.734.370;14.692.352.039.710.600;-10.775.361.496.387.500;53.512.686.234.974.400;1;;
-8.358.135.126.165.740;11.737.964.049.568.700;33.589.239.501.953.100;4.753.248.751.638.030;-36.646.852.288.504;1.957.431.072.930.090;0;;
-10.084.101.508.157;31.830.167.459.326.100;3.584.416.809.082.030;12.554.145.755.487.300;-18.532.871.598.219.900;10.129.275.899.605.600;0;;
-6.988.113.150.873.700;23.891.742.011.368.600;33.640.789.794.921.800;931.806.629.525.986;-0.4622904952527201;6.833.571.658.631.300;1;;
-87.647.938.242.303;2.560.042.642.456.570;2.888.874.206.542.960;10.078.095.175.875.000;-11.169.930.089.275.800;5.350.233.040.623.650;0;;
-9.525.628.515.079.610;21.847.342.670.089.800;27.662.359.619.140.600;8.696.853.470.385.430;-122.428.795.476.007;5.569.708.509.299.450;0;;
-571.968.745.463.267;26.273.595.826.418.000;2.796.844.177.246.090;10.166.804.384.396.700;-0.3678878443989126;5.381.200.816.640.680;1;;
-61.453.499.839.281;4.019.729.958.650.690;3.096.712.341.308.590;15.507.746.979.559.100;0.1240913539098294;5.234.234.060.550.780;1;;
-8.234.773.687.683.410;16.992.515.528.161.000;3.257.958.679.199.210;6.753.714.979.024.250;-2.052.537.085.668.660;862.066.883.734.176;0;;
-1.122.185.989.742.960;6.117.114.648.781.850;4.985.781.555.175.780;23.860.917.181.033.100;-0.5601120284973822;4.536.861.923.967.060;1;;
-8.368.266.896.907.900;1.110.798.774.024.790;2.736.382.141.113.280;45.131.195.131.815.800;-289.764.415.466.323;12.277.872.921.801.500;0;;
-6.642.760.172.415.930;28.977.299.883.895;2.920.943.603.515.620;11.243.774.591.695.500;-0.3691374952829962;5.356.397.874.902.330;1;;
-7.946.987.587.965.440;27.918.989.128.472.200;3.420.418.395.996.090;10.912.014.570.908.400;-0.5347194053895598;5.191.974.728.803.890;1;;
-6.628.072.499.167.920;19.531.229.098.976.600;2.941.851.806.640.620;7.632.741.362.426.130;-0.619720949105098;8.597.781.964.126.260;1;;
-10.577.980.912.215.300;3.434.137.972.535.120;3.607.418.823.242.180;13.552.932.976.674.100;-0.9564941324534164;4.075.273.492.930.920;1;;
-7.767.791.348.883.280;3.611.915.815.128.320;27.743.359.375;14.035.356.307.505.300;-0.6456400967332749;30.959.209.544.828.200;0;;
-7.512.664.094.865.110;14.139.529.809.691.800;2.347.696.685.791.010;5.619.842.438.792.500;-12.418.514.960.081.700;5.416.152.085.664.870;0;;
-8.183.737.564.516.700;22.392.004.275.926.900;4.076.336.059.570.310;8.814.196.982.585.360;-17.464.494.415.704.300;876.985.038.160.381;0;;
-7.879.109.493.494.110;2.520.019.459.735.100;2.919.986.572.265.620;986.878.553.552.837;0.897031788015589;8.721.584.865.599.810;1;;
-10.006.566.994.855.900;30.649.542.750.396.400;2.751.727.600.097.650;12.096.957.385.113.600;-0.6190021518137473;5.231.580.362.876.970;1;;
-989.303.294.114.251;17.598.346.788.724.300;401.987.060.546.875;7.100.155.311.810.700;-28.295.864.357.075;1.471.017.366.552.770;0;;
-6.022.656.409.293.240;10.174.319.908.053.100;2.981.288.146.972.650;40.272.581.442.955.700;-1.859.059.936.873.100;9.884.051.414.857.800;0;;
-7.363.106.505.204.650;3.795.393.757.903.700;515.073.486.328.125;14.713.205.962.277.400;-0.3505784112886292;6.803.275.543.008.730;1;;
-8.513.263.349.471.030;3.544.890.782.467.650;2.986.415.405.273.430;13.825.574.515.812.500;0.3352203267562228;4.542.872.920.167.570;1;;
-6.880.833.886.681.860;25.727.697.068.808.100;3.520.272.521.972.650;10.014.081.753.857.100;-1.641.460.212.702.310;8.362.556.912.922.090;0;;
-8.808.405.690.472.560;2.434.927.765.044.220;2.787.474.365.234.370;9.602.835.295.307.020;-13.940.951.073.174.900;4.851.584.378.783.540;0;;
-8.528.816.759.384.760;1.962.612.885.521.120;2.552.612.152.099.600;7.779.121.462.396.290;-0.619920320817339;5.154.755.049.056.230;1;;
-8.065.658.337.146.250;2.340.053.229.822.820;3.362.511.901.855.460;9.192.323.059.723.870;-16.674.206.085.499.600;7.978.137.075.882.820;0;;
-972.955.437.945.509;26.917.820.772.907.200;3.441.869.201.660.150;10.649.797.780.436.900;-161.850.403.519.306;6.956.551.248.039.400;0;;
-5.160.069.493.203.960;4.561.116.829.354.160;3.898.831.481.933.590;17.534.354.306.033.300;-0.3541999791103806;7.299.878.471.765.610;1;;
-9.733.296.236.528.390;23.826.549.219.275.500;3.551.412.658.691.400;9.468.592.138.217.410;-2.395.315.321.586.690;11.197.625.283.168.900;0;;
-10.252.109.553.828.600;2.982.892.783.293.220;373.419.677.734.375;11.802.330.395.407.400;-13.057.689.223.393.500;6.596.538.027.901.460;1;;
-10.051.261.696.798.000;14.054.193.212.564.600;2.885.467.834.472.650;5.757.641.133.250.120;-29.033.023.482.385.400;11.580.992.067.747.000;0;;
-10.661.318.571.575.400;1.844.062.597.241.160;2.861.915.588.378.900;7.482.429.960.358.340;-24.663.690.376.697.400;8.499.938.350.243.470;0;;
-5.919.053.886.817.160;535.643.290.046.337;4.490.122.680.664.060;20.606.191.075.824.300;0.2279628017905371;7.611.313.258.147.810;1;;
-7.007.105.805.757.210;2.299.941.768.146.930;4.693.388.366.699.210;8.978.035.848.294.290;-2.227.034.036.070.190;12.716.645.772.499.800;0;;
-10.776.912.638.407.900;23.422.232.859.057.600;4.735.027.465.820.310;9.395.871.534.204.500;-305.286.617.858.181;14.786.509.154.283.500;0;;
-8.673.183.663.564.690;14.880.654.619.570.400;28.996.893.310.546.800;5.974.892.762.602.090;-27.474.873.470.661.700;1.173.932.857.810.850;0;;
-10.414.777.121.644.000;17.093.937.567.762.100;4.177.461.242.675.780;6.947.866.038.688.930;-3.945.724.132.474.870;2.175.320.565.509.690;0;;
-905.680.624.813.968;12.791.221.021.150.900;3.216.217.346.191.400;520.230.705.033.317;-32.853.616.970.779.900;1.689.172.943.933.080;0;;
-850.005.624.265.954;19.869.558.388.832.800;2.930.169.372.558.590;7.870.288.370.534.560;-14.526.810.649.135.400;7.469.814.417.204.230;0;;
-8.058.302.513.188.720;19.540.036.971.632.300;2.833.247.375.488.280;7.716.388.437.521.970;-20.342.954.936.663.200;8.056.585.851.998.150;0;;
-8.008.408.182.098.180;5.460.728.684.034.820;35.771.124.267.578.100;2.111.602.747.773.870;-0.3432990936310756;5.033.302.219.578.150;1;;
-8.128.382.394.848.800;32.528.458.770.447.800;3.597.021.789.550.780;12.684.898.776.629.100;-0.1751728223538624;616.985.146.459.148;1;;
-7.547.921.668.218.800;28.221.813.752.916.900;36.391.314.697.265.600;1.100.412.084.277.440;-0.6692241253470063;731.581.170.569.603;1;;
-8.296.622.694.953.290;11.623.034.543.251.900;3.377.268.981.933.590;4.705.407.152.231.180;-3.427.772.761.829.760;17.460.583.436.450.400;0;;
-10.867.725.446.302.700;3.365.267.894.220.110;3.075.401.916.503.900;13.313.460.589.979.100;-0.4108242226859134;4.949.867.629.056.900;1;;
-7.830.727.799.883.580;5.642.821.417.280.190;4.204.029.235.839.840;2.180.122.963.532.640;-0.4187368886611225;3.436.710.945.032.490;1;;
-7.020.095.102.961.230;2.397.993.364.408.210;3.371.990.966.796.870;9.353.485.430.911.340;-0.946126894080411;7.819.301.081.568.460;1;;
-8.234.334.835.540.670;460.077.127.301.869;4.007.867.431.640.620;1.784.329.572.611.990;-0.6060834519370949;27.133.046.107.243.700;1;;
-78.534.424.471.068.900;12.177.895.389.088.500;18.449.368.286.132.800;4.890.119.423.417.670;-1.725.626.358.497.690;5.094.302.117.964.990;0;;
-7.863.723.947.598.840;3.949.113.059.474.110;3.522.488.708.496.090;15.329.855.539.136.500;-0.0481812350832855;8.279.815.468.859.780;1;;
-7.997.021.298.817.040;13.335.890.339.463.000;331.700.927.734.375;5.341.403.168.119.350;-2.999.961.564.905.800;17.368.698.813.670.300;0;;
-10.661.452.786.165.500;2.316.457.832.383.580;3.743.925.476.074.210;9.287.935.486.975.550;-18.920.946.269.510.500;8.426.269.804.828.790;0;;
-5.328.238.921.244.260;4.429.902.691.092.910;3.760.984.191.894.530;17.039.595.162.224.200;0.7132625826175847;6.739.003.999.919.020;1;;
-10.883.581.035.979.500;2.891.227.036.803.010;3.107.602.233.886.710;11.502.994.563.490.300;-0.5206003022370248;4.453.856.695.210.870;1;;
-10.054.525.276.855.200;13.715.048.175.278.600;2.371.431.427.001.950;5.628.270.687.582.560;-23.792.951.681.216.500;8.279.974.409.999.360;0;;
-10.419.553.464.624.300;2.326.322.342.363.810;328.728.759.765.625;9.306.147.427.319.550;-2.546.359.854.075.140;9.605.269.857.513.680;0;;
-9.663.725.071.408.780;37.451.012.781.111.500;4.905.205.993.652.340;14.670.704.424.322.400;-0.8366978539424353;88.823.980.987.038;1;;
-8.302.652.130.004.800;14.590.240.059.911.500;282.087.158.203.125;58.398.556.226.999.200;-2.590.209.175.438.520;11.168.614.462.734.000;0;;
-8.956.175.033.968.770;1.538.434.857.033.880;26.874.285.888.671.800;6.186.472.381.859.300;-2.397.528.241.617.430;10.457.727.247.479.300;0;;
-7.249.647.310.731.930;2.866.448.505.084.140;2.734.282.531.738.280;11.156.440.516.220.400;-0.3305114628257845;5.560.074.036.257.710;1;;
-4.493.479.579.078.320;2.930.485.054.456.900;31.282.769.775.390.600;11.277.485.251.191.100;0.8159576281644223;7.892.084.087.982.530;1;;
-86.444.935.408.126;17.965.395.390.662.300;3.199.841.003.417.960;7.151.981.738.813.010;-24.517.370.555.054.500;1.316.465.773.904.700;0;;
-8.233.523.882.249.650;1.888.149.499.620.210;2.471.302.795.410.150;7.475.604.266.664.270;-0.8612381813194465;4.295.438.010.385.110;0;;
-10.046.638.203.128.400;23.868.243.590.993.200;3.384.630.432.128.900;9.508.216.038.041.010;-1.779.265.059.216.490;8.071.194.641.069.430;0;;
-10.799.131.380.232.100;724.402.192.395.315;5.542.534.790.039.060;2.813.237.816.715.390;-0.7377740521788625;5.142.086.928.982.480;1;;
-4.313.060.147.299.860;3.978.535.159.242.940;3.693.649.291.992.180;15.277.060.087.128.900;0.2271425749444415;556.354.422.742.066;1;;
-7.945.648.830.465.500;29.460.352.930.450.400;2.943.047.790.527.340;11.501.042.497.676.400;0.1223914351045901;71.542.412.866.865.100;1;;
-826.036.057.658.825;18.454.143.319.249.700;32.588.848.876.953.100;7.313.962.230.918.040;-2.465.961.496.775.220;11.834.465.235.555.300;0;;
-73.281.210.905.556;3.987.002.222.185.630;33.011.602.783.203.100;1.544.356.908.621.310;0.0927478622741247;4.853.525.881.810.200;1;;
-7.895.994.172.738.750;1.676.882.945.897.870;305.438.232.421.875;6.647.335.798.257.670;-2.285.952.970.569.780;985.476.040.646.526;0;;
-5.726.824.961.151.010;3.472.805.364.284.710;4.243.000.793.457.030;1.339.841.041.754.260;0.0383465987975454;8.458.536.393.245.240;1;;
-6.196.409.000.320.750;34.688.639.082.244.300;3.879.085.388.183.590;1.340.474.539.898.990;-0.9223078106532656;7.346.114.178.651.280;1;;
-9.882.163.462.249.450;13.330.557.602.314.500;29.816.864.013.671.800;5.468.184.760.847.440;-2.857.185.351.093.700;10.804.422.792.177.200;0;;
-8.232.739.916.601.620;2.499.079.732.919.740;3.126.654.663.085.930;9.810.530.280.193.750;-13.229.813.960.132.600;7.132.376.365.745.840;1;;
-53.675.324.576.003.800;303.963.731.498.145;32.257.086.181.640.600;11.727.607.184.559.000;0.7534729373998648;899.999.383.141.453;1;;
-6.295.723.434.709.970;4.455.413.267.120.210;3.138.913.269.042.960;17.180.078.809.424.000;-0.1727016158521792;32.100.215.061.784.400;1;;
-6.341.000.451.989.300;25.057.402.586.431.100;2.876.887.512.207.030;9.730.615.340.424.180;-0.711204558109748;4.526.619.770.731.670;0;;
-7.913.621.930.084.380;3.438.605.693.219.140;3.960.328.369.140.620;13.381.705.284.347.500;-1.691.479.056.963.430;8.177.012.559.443.970;0;;
-450.158.975.359.261;4.813.429.468.302.160;36.443.450.927.734.300;18.474.377.621.854.300;0.9754874345690816;6.562.567.327.300.060;1;;
-8.693.675.743.971.720;4.342.189.657.957.190;3.041.869.506.835.930;16.884.715.624.844.100;0.412367271229338;3.388.961.013.386.890;1;;
-8.601.614.592.699.620;5.119.053.721.145.790;325.860.595.703.125;1.984.780.459.292.350;0.5112701738019135;420.813.469.657.841;1;;
-6.671.342.212.606.210;2.324.980.179.814.100;3.152.750.549.316.400;9.056.179.263.288.960;-0.9617082221913512;6.001.272.882.429.410;0;;
-6.990.994.886.007.090;22.779.613.577.531.100;3.260.598.449.707.030;889.316.477.362.679;-0.0212013341948467;10.223.893.369.157.900;1;;
-8.319.702.066.030.900;2.099.724.162.105.510;3.721.482.849.121.090;8.289.694.812.678.130;-22.803.482.313.247.100;121.001.519.742.427;0;;
-9.197.644.914.037.530;4.440.282.696.858.400;34.411.529.541.015.600;17.294.088.947.641.900;-0.4607402111779637;4.956.219.433.709.830;1;;
-440.195.049.457.369;4.352.923.073.245.880;34.279.083.251.953.100;16.710.931.522.640.500;-0.0682949091837861;5.205.705.401.866.170;1;;
-8.734.329.808.131.200;12.253.437.644.035.500;271.282.470.703.125;4.974.838.580.278.120;-2.521.718.518.552.340;10.702.431.730.120.200;0;;
-7.058.630.424.064.410;3.824.520.552.320.430;35.141.668.701.171.800;14.807.745.885.926.300;-0.2326889737697221;5.549.623.343.752.540;1;;
-10.232.783.434.361.400;14.451.531.218.845.200;2.937.315.673.828.120;5.923.576.304.587.810;-2.602.337.737.548.670;9.710.816.658.931.100;0;;
-5.519.191.844.839.540;22.454.926.692.517.400;2.619.999.694.824.210;8.698.696.753.166.360;-0.1387675873351995;5.374.591.239.457.930;1;;
-882.741.309.876.677;11.001.408.948.997.500;2.605.618.896.484.370;45.025.610.548.530.900;-2.773.724.104.989.430;10.365.345.256.803.100;0;;
-7.907.956.865.541.720;29.375.857.546.419.800;4.486.729.431.152.340;114.664.645.122.326;-0.8881975296443421;10.343.041.826.862.900;1;;
-6.548.665.869.550.720;1.462.174.335.918.190;2.583.392.639.160.150;5.752.336.876.171.980;-163.922.436.350.586;7.850.643.711.030.540;0;;
-9.201.663.329.785.420;17.673.560.698.280.100;4.088.711.853.027.340;707.844.596.279.135;-30.513.548.875.168.300;14.453.740.644.069.000;0;;
-9.459.297.020.489.870;13.437.137.222.226.600;24.123.410.034.179.600;5.477.659.909.400.710;-19.978.761.360.044.100;7.231.481.355.763.510;0;;
-8.929.427.630.532.660;2.049.346.380.521.070;3.367.558.288.574.210;8.137.347.804.937.240;-19.089.883.761.457.800;9.506.640.528.857.530;0;;
-10.733.347.191.182.300;18.917.195.799.986.600;3.142.616.577.148.430;767.046.475.839.785;-28.237.287.856.093.000;1.089.590.224.507.150;0;;
-9.553.463.850.985.310;20.473.399.747.377.600;32.312.628.173.828.100;8.173.762.246.119.780;-2.164.935.010.603.730;8.629.544.256.455.340;0;;
-11.254.553.215.139.900;13.029.589.985.153.100;2.350.305.938.720.700;5.464.022.800.298.330;-15.507.976.017.123.600;7.580.633.220.570.920;1;;
-10.033.143.507.067.500;17.406.024.291.378.900;3.003.470.764.160.150;7.037.320.172.281.920;-3.081.477.960.736.110;12.871.344.223.307.400;0;;
-7.838.580.706.515.960;4.632.043.414.494.650;3.662.920.227.050.780;1.793.850.640.431.510;-0.7059147054357331;4.191.011.698.619.250;1;;
-5.238.983.870.529.250;40.635.118.546.518.300;3.164.102.478.027.340;1.563.564.455.900.670;0.6009543122752515;4.852.682.536.917.570;1;;
-9.746.064.462.648.210;16.976.579.696.250.700;26.392.352.294.921.800;6.851.484.382.440.600;-218.517.234.562.792;781.615.433.857.351;0;;
-5.781.675.470.536.760;3.219.679.114.733.200;33.964.385.986.328.100;1.243.337.451.821.480;-0.1388187560626632;7.717.993.410.468.060;1;;
-10.579.474.621.731.200;4.425.520.614.981.000;4.226.758.728.027.340;1.734.211.822.312.240;-0.6042694501663278;578.353.717.825.466;1;;
-7.704.590.319.291.780;39.340.631.103.768.400;5.310.882.568.359.370;15.262.865.849.078.900;-14.052.164.460.812.700;10.354.922.526.552.000;1;;
-364.363.103.663.468;4.345.037.989.813.310;2.789.022.521.972.650;16.657.476.249.201.600;0.8160561228084621;38.867.499.788.203.000;1;;
-842.090.997.415.566;3.420.736.356.289.520;396.944.091.796.875;13.345.078.965.896.700;-1.510.109.371.887.780;10.797.455.593.268.600;1;;
-48.565.945.162.981.200;4.018.232.045.875.740;3.064.633.483.886.710;15.447.830.521.687.400;0.2546195589507001;5.628.978.976.541.150;1;;
-6.512.798.695.612.060;4.621.695.039.003.350;34.898.297.119.140.600;17.826.234.481.129.800;-0.2139963850290814;4.931.178.986.415.800;1;;
-8.486.127.483.749.230;2.167.370.233.396.150;2.558.228.912.353.510;8.558.927.914.700.540;0.0536807377541689;5.472.106.273.815.740;1;;
-942.943.699.980.444;18.867.015.905.938.800;2.290.599.365.234.370;755.080.386.556.323;-17.637.650.763.369.400;5.578.282.539.566.910;0;;
-58.951.439.048.095.800;3.554.432.920.975.720;3.208.465.576.171.870;13.717.867.526.147.600;-0.0482037671598777;3.900.238.179.113.540;1;;
-9.070.517.350.866.030;3.730.777.235.581.420;3.547.615.051.269.530;14.573.482.911.709.400;0.0738435983861617;37.023.953.206.730.700;1;;
-554.856.550.090.974;388.957.605.029.236;3.337.415.466.308.590;1.498.362.596.960.590;0.279400382975114;7.742.487.953.118.140;1;;
-11.084.076.728.472.000;16.847.983.716.091.200;2.627.205.810.546.870;690.885.790.124.845;-1.856.671.104.276.770;504.398.469.575.942;0;;
-8.033.010.216.535.870;231.260.864.353.186;3.383.540.344.238.280;9.085.421.041.075.900;-11.623.077.888.593.400;90.241.650.417.872;1;;
-531.123.994.817.272;32.510.805.368.410.000;2.809.001.770.019.530;12.533.445.640.932.400;0.5183425963875284;4.496.056.859.528.990;1;;
-10.138.770.072.391.100;3.018.287.058.666.110;3.354.366.149.902.340;11.928.774.323.317.700;-21.122.152.623.428.500;8.239.165.994.137.170;0;;
-883.353.090.280.972;62.123.330.162.149.200;3.540.616.455.078.120;24.041.772.295.075.400;-0.4199856027826619;3.617.681.254.817.350;1;;
-8.668.972.094.451.160;1.990.677.154.597.820;32.239.703.369.140.600;7.895.595.501.833.330;-15.137.515.033.026.800;5.868.666.604.730.630;0;;
-8.603.705.247.489.940;253.320.456.420.837;3.267.590.026.855.460;9.964.826.593.917.670;-19.791.769.773.743.900;8.756.184.190.795.390;0;;
-9.746.924.172.462.780;16.435.630.146.190.700;3.433.594.665.527.340;66.447.975.146.824.400;-31.291.942.771.400.600;14.631.253.180.199.300;0;;
-10.349.424.428.318.800;17.856.906.293.179.600;24.102.926.635.742.100;7.234.286.244.935.640;-0.3223879827440275;4.820.101.023.239.170;1;;
-9.595.430.960.380.850;1.857.378.202.812.040;26.367.877.197.265.600;7.450.799.803.843.210;-1.882.072.477.417.320;6.968.637.489.431.460;0;;
-8.690.693.496.789.560;3.711.774.571.217.490;44.961.273.193.359.300;1.447.507.101.369.880;-14.046.039.279.226.300;7.137.620.173.723.460;1;;
-5.890.109.994.520.260;25.993.846.439.351.100;3.611.216.125.488.280;10.067.446.267.667.100;0.2264975034953724;6.742.236.516.660.170;1;;
-64.202.695.047.456.500;3.094.401.914.124.290;3.225.326.843.261.710;1.198.434.642.266.590;-0.444735199569425;760.690.932.378.637;1;;
-10.379.488.743.175.400;19.254.350.182.964.100;2.740.624.389.648.430;7.770.771.172.198.310;-13.811.551.815.930.800;6.512.724.246.650.430;1;;
-932.974.176.237.887;21.186.616.479.255.000;3.438.968.200.683.590;8.430.207.297.301.210;-14.907.081.686.106.500;6.875.396.029.070.030;0;;
-6.141.921.974.099.730;3.181.211.078.068.020;347.129.638.671.875;12.302.766.831.934.300;0.4940716641997172;8.468.370.331.228.530;1;;
-1.057.792.801.560.250;637.871.641.253.425;4.105.192.565.917.960;24.807.107.497.242.500;-0.0031750288656488;3.889.923.947.452.890;1;;
-8.563.721.029.834.760;1.306.801.762.244.610;293.206.787.109.375;527.489.156.422.417;-245.539.361.810.492;1.079.051.863.516.180;0;;
-10.071.878.276.996.900;371.575.997.238.968;4.353.367.004.394.530;14.589.348.736.279.100;-11.193.230.589.829.200;6.544.945.582.236.370;1;;
-8.535.940.486.478.190;3.244.059.886.160.970;2.938.016.967.773.430;12.677.276.519.024.000;-0.1860845767988247;4.191.242.577.193.560;1;;
-554.488.164.579.217;4.652.555.099.655.410;44.881.732.177.734.300;17.899.575.703.927.400;-0.2718713761772684;5.195.033.633.271.050;1;;
-9.072.819.035.152.290;32.823.032.735.733.200;3.332.998.046.875;12.859.575.036.522.200;0.0379256512715725;5.850.143.293.617.870;1;;
-1.028.646.195.446.310;2.000.077.330.596.190;302.706.787.109.375;8.048.706.344.382.900;-2.502.291.867.948.980;10.766.424.980.638.900;0;;
-7.981.142.977.471.510;13.044.257.851.305.000;3.773.472.900.390.620;5.228.971.565.181.780;-248.177.658.766.732;1.265.441.738.654.280;0;;
-4.808.111.843.179.900;4.810.618.328.322.230;3.938.899.230.957.030;1.847.454.001.560.330;0.6233171996444015;6.603.921.353.526.920;1;;
-6.545.484.138.880.460;22.822.553.412.691.900;3.099.555.358.886.710;8.886.527.246.235.200;0.8196826698269214;7.672.614.566.418.080;1;;
-10.123.909.166.523.300;182.772.816.469.115;32.193.621.826.171.800;7.377.307.343.145.090;-2.606.752.259.489.360;1.069.074.536.415.080;0;;
-9.592.472.963.455.000;18.644.910.304.087.100;3.640.090.942.382.810;7.477.768.102.755.860;-24.870.557.287.634.900;10.620.152.707.815.800;0;;
-6.519.548.218.830.640;2.536.897.672.846.370;3.270.242.614.746.090;9.858.475.138.931.470;0.2400523225868257;7.919.360.454.670.780;1;;
-8.789.746.422.533.080;31.864.167.269.562.100;3.662.518.615.722.650;12.473.771.082.809.700;-19.048.619.966.731.000;9.646.564.586.642.460;0;;
-6.336.571.170.177.800;24.685.396.035.353.700;2.957.381.896.972.650;9.588.219.821.604.450;0.0265133955364497;5.475.383.667.900.020;1;;
-6.496.147.290.207.070;2.680.500.387.208.280;2.701.512.451.171.870;1.040.616.061.090.260;0.5867395819269635;61.050.358.936.295.700;1;;
-5.203.759.471.929.230;3.004.337.510.963.130;3.608.189.392.089.840;11.586.074.335.417.600;0.3445850491014532;67.112.339.923.806.600;1;;
-7.169.551.191.428.080;404.326.749.050.046;3.009.284.362.792.960;1.564.982.856.719.570;-0.1709529459623474;4.007.609.557.586.000;1;;
-7.491.142.112.289.100;28.790.502.743.505.600;2.693.431.091.308.590;11.218.210.125.747.800;0.4097391429801706;558.828.812.612.423;1;;
-947.499.770.308.503;3.147.834.258.523.920;373.567.626.953.125;12.374.144.808.470.000;-19.211.704.282.515.100;898.257.656.765.475;0;;
-95.873.711.842.911;35.187.985.773.186.100;2.732.671.813.964.840;13.800.157.559.265.100;-0.1523185210269672;4.811.143.749.902.780;1;;
-5.801.276.496.724.300;3.126.252.464.817.630;357.308.837.890.625;1.207.716.560.049.830;-0.0333915818923178;8.267.745.591.628.360;1;;
-988.944.728.350.913;1.992.175.612.059.100;2.456.134.796.142.570;7.987.891.251.755.080;-18.387.890.938.271.000;5.853.535.337.922.990;0;;
-8.224.196.946.509.530;2.843.715.711.494.050;434.046.142.578.125;11.127.191.651.046.300;-18.622.558.530.489.700;12.189.154.626.896.900;0;;
-7.796.177.085.978.330;4.438.317.885.739.940;32.513.604.736.328.100;17.195.553.560.788.000;0.1486016216253317;4.563.325.709.228.050;1;;
-978.392.178.562.593;29.079.522.767.766.000;3.935.552.978.515.620;11.480.055.031.528.800;-2.609.705.156.767.730;1.275.952.713.645.000;0;;
-9.933.429.200.997.110;12.461.527.174.398.700;2.264.055.328.369.140;5.139.923.952.027.040;-2.322.372.975.729.190;8.802.689.932.695.150;0;;
-7.497.479.095.338.430;15.529.741.732.144.100;3.154.971.618.652.340;61.503.102.908.498.900;-19.295.497.104.690.700;8.584.018.068.903.190;0;;
-11.170.204.089.372.200;27.583.510.876.835.300;35.753.375.244.140.600;11.019.302.018.946.400;-19.915.550.773.180.900;8.103.274.620.689.480;0;;
-9.210.104.693.759.670;16.529.416.749.816.600;3.521.182.861.328.120;66.417.481.625.923;-251.418.692.227.597;112.409.480.678.189;0;;
-10.547.369.276.084.600;17.406.720.526.378.600;3.663.847.961.425.780;7.078.034.614.007.290;-3.094.875.040.821.620;1.412.387.978.032.340;0;;
-7.921.655.816.458.500;14.727.889.023.624.900;302.166.015.625;5.868.839.740.031.510;-20.879.794.630.719.700;10.069.148.753.678.200;0;;
-6.939.365.790.143.590;18.857.930.071.206.000;3.129.267.883.300.780;7.391.548.509.525.270;-11.431.440.147.643.900;9.908.184.458.892.350;1;;
-9.297.191.423.257.790;27.083.886.335.457.900;3.797.983.093.261.710;10.681.826.508.086.600;-15.819.933.812.905.400;9.154.492.693.562.150;0;;
-6.683.766.736.394.480;3.456.829.529.998.570;3.871.353.759.765.620;1.338.274.166.747.460;-0.1743651494356;59.209.542.637.157;1;;
-9.628.364.659.556.000;337.590.964.923.505;4.006.128.540.039.060;13.257.046.741.174.800;-0.980479464837708;7.572.971.457.186.560;1;;
-6.659.648.361.506.840;26.737.173.558.603.700;2.636.687.927.246.090;10.388.456.936.192.800;0.7675004586645079;610.375.679.119.157;1;;
-10.945.014.084.791.600;2.638.544.693.410.320;3.743.434.448.242.180;10.542.367.938.149.100;-29.020.436.368.420.200;12.660.930.143.168.400;0;;
-7.922.366.280.660.950;1.862.498.076.824.030;3.824.281.921.386.710;7.358.351.227.588.950;-27.882.590.684.101.200;14.867.634.444.281.500;0;;
-9.377.957.030.502.110;1.806.952.975.794.120;3.073.276.062.011.710;7.242.304.183.853.200;-2.454.075.222.832.350;1.085.576.232.805.570;0;;
-1.036.209.225.147.670;28.205.886.686.739.800;3.422.210.388.183.590;1.119.066.932.884.700;-13.684.037.095.970.900;6.832.232.530.901.990;0;;
-9.536.300.260.996.930;2.397.515.608.388.100;4.301.941.528.320.310;9.510.881.243.896.000;-377.670.184.470.942;1.998.309.025.036.980;0;;
-888.658.501.019.907;2.456.870.633.776.800;38.412.054.443.359.300;9.691.988.226.889.390;-0.5125929761838511;6.289.991.154.925.250;1;;
-10.216.356.565.951.000;1.367.070.839.247.540;2.909.201.965.332.030;5.623.861.951.950.810;-28.483.790.934.743.400;984.492.106.690.124;0;;
-5.852.470.332.654.290;26.291.304.494.181.500;3.155.863.952.636.710;10.179.445.462.853.500;0.4885057510046018;6.103.324.669.432.890;1;;
-7.314.722.520.905.220;1.761.353.988.842.860;32.598.846.435.546.800;6.936.391.688.119.470;-2.996.438.045.437.570;15.290.311.490.128.200;0;;
-10.941.039.095.126.300;2.199.434.413.187.500;3.383.429.260.253.900;8.863.755.945.233.340;-2.598.767.048.828.070;9.957.435.780.669.370;0;;
-7.574.407.599.879.150;1.895.272.434.836.460;3.302.158.203.125;7.463.005.694.114.340;-1.965.494.881.200.860;816.347.998.311.877;0;;
-851.083.462.494.501;15.734.806.205.063.300;4.233.521.118.164.060;6.290.686.849.157.500;-30.519.734.693.219.000;16.887.866.398.581.900;0;;
-8.928.418.636.786.750;24.081.240.460.344.100;3.039.300.842.285.150;9.508.527.175.993.450;-100.241.672.105.804;6.419.376.911.575.820;1;;
-10.465.131.159.386.600;2.480.998.663.788;3.231.466.064.453.120;9.900.958.397.037.790;-0.930204383405038;465.455.548.363.151;0;;
-913.966.711.836.695;22.123.680.684.265.600;3.763.734.436.035.150;8.774.935.851.988.420;-2.057.573.860.445.460;8.654.093.911.399.760;0;;
-7.055.626.559.573.690;28.143.309.099.606.300;3.387.483.825.683.590;10.946.639.030.287.800;-0.6258579976166725;4.851.671.442.324.990;1;;
-41.170.235.720.937.200;2.211.338.896.521.110;2.532.626.800.537.100;851.651.971.568.581;149.751.429.627.943;9.234.033.431.087.050;1;;
-6.173.036.820.057.500;4.286.126.836.270.000;35.897.186.279.296.800;16.527.219.366.273.500;0.4655097095249311;6.566.641.936.864.860;1;;
-9.714.835.991.924.460;1.943.750.216.675.770;3.773.772.277.832.030;7.789.726.190.708.480;-333.662.660.355.656;17.252.935.826.313.500;0;;
-77.363.622.013.926.300;20.424.037.935.025.300;30.778.961.181.640.600;8.034.818.967.791.440;-23.787.103.874.871.100;10.282.461.343.062.700;0;;
-897.688.268.262.314;32.245.757.622.502.100;3.632.397.155.761.710;12.632.322.226.870.400;-1.278.456.078.128.680;5.053.893.716.255.740;1;;
-8.697.720.676.725.350;18.661.162.444.631.000;29.984.820.556.640.600;7.421.431.904.814.610;-18.979.179.695.172.000;8.286.536.882.700.670;0;;
-29.935.657.525.077.300;49.581.852.034.280.800;4.201.735.229.492.180;18.984.434.455.567.600;17.973.841.779.887.600;8.877.655.068.848.510;1;;
-9.181.752.647.963.130;2.279.739.947.878.150;3.996.060.180.664.060;9.035.378.192.003.280;-231.151.110.725.882;1.229.720.253.046.690;0;;
-6.752.340.357.016.900;2.241.682.777.024.180;2.649.740.295.410.150;8.741.972.225.121.570;-0.5443928098086175;542.450.972.006.181;1;;
-8.343.470.483.064.290;18.236.348.167.184.800;26.773.681.640.625;7.235.995.065.358.180;-2.430.944.094.789.470;951.504.172.284.956;0;;
-5.093.135.237.151.070;6.334.340.785.712.430;3.758.546.752.929.680;24.308.993.264.443.700;0.3601348197544266;4.320.782.246.271.220;1;;
-805.870.344.224.832;2.428.958.253.048.050;3.353.329.467.773.430;95.316.894.470.218;-1.497.450.476.978.890;794.529.750.300.895;0;;
-8.902.819.986.970.560;2.143.036.529.086.520;3.420.380.554.199.210;8.493.618.112.788.060;-29.600.617.954.733.200;12.857.206.142.390.200;0;;
-543.936.363.508.382;24.744.539.419.228.100;3.295.153.503.417.960;9.570.443.244.585.350;-0.0133310316518368;7.122.991.801.780.990;1;;
-5.026.075.985.325.540;32.981.916.323.411.000;3.508.361.511.230.460;12.702.237.641.762.500;0.1478387505091164;541.830.836.678.753;1;;
-7.385.781.373.883.910;11.019.471.661.437.700;2.621.692.199.707.030;442.013.127.657.526;-2.544.047.303.841.880;11.354.907.208.723.100;0;;
-1.064.541.977.769.060;4.426.825.352.216.040;3.670.282.897.949.210;17.352.454.501.863.400;-0.6298021209312559;3.418.528.515.368.320;1;;
-10.366.706.737.918.800;4.565.007.894.886.070;2.801.136.474.609.370;17.858.205.196.285.500;-0.2718562829441856;4.568.774.827.931.790;1;;
-8.296.242.047.591.140;4.512.666.082.944.010;3.846.919.860.839.840;1.751.046.897.894.490;0.451975322225255;7.074.451.258.508.210;1;;
-7.460.273.202.394.450;5.046.919.001.185.880;4.229.807.739.257.810;1.950.204.041.717.660;-0.7561369785658016;5.677.407.103.295.640;1;;
-8.971.570.833.025.510;18.945.703.339.954.400;2.634.117.431.640.620;7.548.677.092.566.840;0.3651501781664944;8.852.664.344.863.430;1;;
-7.208.311.888.726.460;5.108.771.500.892.480;3.156.414.489.746.090;19.724.314.880.220.900;0.539826102910097;6.157.113.319.845.610;1;;
-8.362.247.759.511.900;17.548.905.904.001.500;4.130.998.229.980.460;6.974.453.547.483.940;-3.115.929.522.522.890;17.748.496.286.425.700;0;;
-8.737.892.508.887.680;35.288.333.049.410.000;3.741.192.932.128.900;13.779.013.517.213.500;-0.246743433019143;6.307.251.187.198.500;1;;
-4.783.209.119.670.080;5.778.373.117.112.480;4.109.748.840.332.030;22.172.385.933.606.000;0.2888474907431615;51.641.859.529.796.400;1;;
-8.551.817.010.725.050;34.627.262.193.394.100;3.376.879.272.460.930;1.351.405.613.085.000;-0.2752304020690265;4.948.027.149.038.550;1;;
-8.905.912.536.891.070;4.835.790.531.381.030;38.063.763.427.734.300;18.785.534.403.892.800;-0.4871026923576519;4.185.215.798.027.150;1;;
-8.445.307.727.939.380;3.197.010.207.209.880;3.551.819.152.832.030;1.249.157.036.880.820;-12.883.786.271.710.500;5.467.132.051.687.280;1;;
-10.547.503.901.467.900;18.967.156.461.417.500;2.732.181.701.660.150;7.674.444.082.497.530;-19.418.802.587.548.700;6.012.283.183.795.210;0;;
-9.161.733.680.086.090;3.204.873.753.371.100;398.966.552.734.375;1.256.983.609.068.720;-1.151.784.351.437.840;7.112.515.791.680.750;0;;
-959.034.510.200.082;18.435.151.534.309.500;31.614.141.845.703.100;7.397.442.293.101.760;-25.372.810.016.282.900;9.541.615.267.201.690;0;;
-9.769.431.604.657.360;3.825.849.496.690.300;3.305.380.554.199.210;14.987.175.312.552.300;-0.2318392169233647;3.628.273.474.837.700;1;;
-9.300.072.586.066.600;3.782.496.379.757.860;4.087.973.937.988.280;14.787.271.103.540.000;-0.4383820539868669;6.846.851.517.839.420;1;;
-9.545.166.387.921.270;31.674.307.251.451.400;2.849.950.256.347.650;12.454.143.421.152.700;-0.4232672367115007;52.362.749.284.093;1;;
-3.675.691.850.636.930;31.699.725.859.668.600;3.459.966.125.488.280;1.216.727.315.940.530;0.4008923583069537;7.181.865.908.984.170;1;;
-7.208.246.905.457.420;1.686.403.946.624.390;285.237.060.546.875;66.440.225.072.244.700;-13.258.506.386.684.500;5.151.338.034.958.980;0;;
-9.686.530.989.670.340;14.678.681.328.670.700;3.294.591.064.453.120;5.968.805.993.168.070;-28.177.702.859.867.500;1.206.516.789.325.780;0;;
-968.641.748.780.142;2.461.152.165.260.140;3.651.730.346.679.680;9.765.129.160.909.070;-242.230.300.851.572;13.058.790.447.111.700;0;;
-9.296.769.666.901;19.756.393.196.577.900;3.916.805.114.746.090;788.122.865.781.913;-19.567.419.900.578.600;8.095.890.761.092.580;0;;
-1.071.598.261.745.450;13.868.059.687.466.600;2.518.775.329.589.840;5.739.261.399.924.670;-25.786.026.044.701.200;855.617.371.072.499;0;;
-1.130.901.430.036.470;24.637.136.747.526.200;2.948.189.697.265.620;99.051.237.854.966;-1.972.225.440.702.680;78.082.187.482.383;0;;
-8.259.303.862.771.890;2.488.971.108.951.170;35.657.354.736.328.100;9.773.569.513.748.820;-17.895.467.015.062.900;9.641.580.034.175.810;0;;
-7.879.145.425.247.450;13.771.125.970.165.400;2.657.023.010.253.900;550.059.767.031.749;-1.676.500.684.721.480;7.683.655.194.244.740;0;;
-844.383.231.253.699;26.427.699.122.765.400;3.542.533.569.335.930;10.373.168.723.076.100;-10.744.745.744.466.800;8.110.133.446.218.130;1;;
-7.641.343.588.313.380;24.961.575.862.092.200;34.050.225.830.078.100;9.763.481.378.363.700;-0.8097419555488692;6.986.686.695.926.180;1;;
-1.174.882.989.125.600;5.692.253.775.207.390;3.485.513.610.839.840;22.283.363.713.418.500;-0.5575249482619593;3.984.347.339.908.850;1;;
-7.482.902.444.811.990;12.663.081.028.333.500;2.603.280.944.824.210;5.053.837.983.461.640;-215.190.519.929.691;9.801.307.490.539.650;0;;
-8.253.739.601.992.550;20.819.380.897.662.000;27.540.350.341.796.800;8.217.538.138.056.120;-11.363.544.761.139.400;5.134.012.935.631.700;0;;
-11.403.435.969.789.300;4.167.139.692.606.640;3.917.927.856.445.310;16.423.814.486.169.600;-0.4386518143257904;5.335.360.708.812.600;1;;
-911.805.760.947.503;2.743.378.043.840.760;3.986.633.605.957.030;10.802.948.044.364.800;-2.325.347.127.302.910;10.168.798.309.297.700;0;;
-7.699.186.544.416.420;33.329.086.277.531.900;3.643.679.504.394.530;12.964.935.278.782.200;0.2061445923225655;8.589.513.346.104.750;1;;
-9.308.417.490.340.400;20.373.279.953.988.500;2.935.357.360.839.840;8.117.831.041.873.280;-17.900.631.765.413.300;6.855.801.097.714.250;0;;
-9.812.313.291.035.620;16.033.271.416.618.100;3.653.340.148.925.780;6.495.904.198.319.560;-2.595.694.793.273.840;11.967.188.576.447.200;0;;
-9.814.452.551.214.350;1.910.762.533.187.590;3.652.994.079.589.840;7.671.082.738.122.490;-2.594.286.937.007.800;1.031.608.958.543.970;0;;
-8.831.187.460.383.890;4.187.061.358.162.350;397.217.041.015.625;16.301.025.801.529.300;-0.4008136038260199;5.385.826.315.836.060;1;;
-6.791.812.860.473.700;28.043.658.613.850.800;4.022.901.611.328.120;10.894.590.297.436.700;-17.242.744.470.741.500;9.780.272.023.549.110;0;;
-9.812.546.705.633.930;344.442.294.377.283;3.402.938.842.773.430;13.532.589.861.533.400;-14.762.861.245.251.100;7.478.297.827.754.370;0;;
-5.279.982.756.406.910;33.285.351.549.049.900;2.993.819.885.253.900;12.828.211.910.891.100;0.4136108132686807;4.847.131.642.622.630;1;;
-9.144.757.830.451.080;4.060.756.683.942.400;5.452.435.302.734.370;15.839.832.895.089.800;-2.505.940.694.397.420;15.493.812.207.678.600;0;;
-92.079.360.018.708;34.519.789.136.088.100;3.786.208.190.917.960;13.517.515.826.267.200;-0.5454912709202594;4.968.104.712.028.740;1;;
-9.845.774.332.534.330;2.106.400.585.505.620;32.065.234.375;8.421.164.936.178.380;-199.699.647.808.789;7.526.761.215.930.050;0;;
-5.863.525.915.239.340;2.688.420.967.983.950;343.716.064.453.125;10.406.548.877.633.100;-0.1686869268086689;6.049.321.891.566.590;1;;
-965.039.512.008.216;20.775.235.479.203.600;2.915.165.405.273.430;8.296.238.341.623.110;-1.948.436.044.462.470;7.101.171.897.818.620;0;;
-6.488.795.348.448.640;2.628.436.803.988.160;3.050.260.314.941.400;10.206.808.730.355.700;-1.193.004.386.266.440;4.779.066.305.750.250;0;;
-6.378.810.538.678.250;4.191.566.653.663.530;30.292.559.814.453.100;1.617.568.196.400.330;0.0594488968748684;30.104.346.634.250.900;1;;
-10.334.449.960.999.900;19.402.862.525.965.700;3.331.998.596.191.400;7.823.966.929.042.380;-2.743.666.997.746.550;11.896.735.836.179.000;0;;
-10.427.618.136.196.600;2.280.916.321.854.460;34.988.995.361.328.100;913.324.819.294.614;-24.700.502.898.681.700;1.035.038.620.207.050;0;;
-9.836.950.351.260.910;2.249.100.476.170.230;3.441.761.474.609.370;8.965.900.113.361.390;-1.963.371.145.697.300;9.078.402.937.667.800;0;;
-8.236.425.208.806.990;4.521.369.289.540.590;4.479.308.776.855.460;17.539.952.936.866.000;-0.3824430295716017;452.125.419.148.618;1;;
-4.895.126.154.532.370;2.907.943.706.747.970;3.175.261.535.644.530;1.120.574.460.517.360;0.3491876765769482;6.608.098.152.668.900;1;;
-10.924.745.214.152.100;2.309.302.821.699.390;36.705.804.443.359.300;9.282.311.306.188.670;-3.076.071.681.457.970;1.631.217.998.542.470;0;;
-9.942.864.429.551.860;2.621.484.679.556.570;3.871.536.865.234.370;10.397.159.479.077.500;-23.135.657.435.333.700;9.679.665.220.069.540;0;;
-5.872.684.632.892.040;3.108.071.998.938.580;325.897.705.078.125;12.010.865.939.518.900;-0.5151426138487155;5.422.307.774.123.440;1;;
-806.430.690.949.193;3.559.539.518.008.080;5.165.477.294.921.870;13.853.116.339.373.200;-13.223.286.518.380.600;957.156.996.479.178;1;;
-9.851.296.433.474.580;22.344.094.178.417.500;4.431.373.901.367.180;8.910.830.409.299.130;-30.521.800.646.204.900;14.829.676.058.992.400;0;;
-6.600.902.164.889.000;2.678.865.205.361.690;3.368.657.531.738.280;10.405.154.652.582.600;-0.2536439401708483;762.457.558.865.883;1;;
-9.944.859.743.829.520;17.007.425.660.940.700;33.187.744.140.625;6.878.234.787.021.580;-2.808.021.893.888.840;10.997.648.580.815.900;0;;
-7.878.891.803.764.390;2.346.741.811.564.160;2.825.890.808.105.460;9.206.505.253.402.080;-0.8864322206463138;5.217.738.649.578.530;1;;
-9.397.216.832.828.530;17.919.241.813.356.800;2.521.888.885.498.040;7.186.246.190.089.580;-1.045.181.380.848.930;3.850.658.120.001.540;0;;
-98.639.259.966.064;18.931.549.162.629.800;3.628.685.607.910.150;7.607.507.361.803.390;-33.702.201.343.732.500;1.581.310.647.284.190;0;;
-8.805.140.582.752.210;3.538.692.311.865.030;3.619.611.511.230.460;1.382.120.358.955.480;-0.0052541582372247;5.424.132.283.179.370;1;;
-10.961.117.048.999.400;30.566.060.130.498.100;3.965.220.947.265.620;12.141.546.526.244.600;-18.125.556.970.403.800;7.662.489.430.001.710;0;;
-7.358.413.961.668.330;9.065.512.966.808.340;2.541.246.032.714.840;3.671.786.046.465.680;-23.892.106.968.765.600;9.643.917.721.291.860;0;;
-7.898.519.055.361.300;25.464.898.326.591.500;3.023.764.953.613.280;997.112.573.811.324;-12.994.071.952.405.500;5.603.502.828.164.760;1;;
-8.857.863.007.925.060;3.462.737.047.736.870;4.817.083.435.058.590;13.534.461.755.521.000;-14.055.465.072.073.400;7.918.065.100.893.990;1;;
-7.556.685.910.246.240;3.600.482.606.081.420;2.726.847.229.003.900;13.979.294.104.881.200;0.2556680979438894;3.675.018.998.330.470;1;;
-7.164.597.216.357.480;5.876.667.184.952.290;4.174.347.839.355.460;2.265.681.079.529.560;-0.1250645275180201;3.572.272.324.709.720;1;;
-9.354.102.874.699.970;17.369.847.339.139.300;3.226.575.927.734.370;6.973.177.750.555.820;-20.399.005.545.785.600;8.227.297.245.243.430;0;;
-9.454.629.864.106.230;1.436.517.735.972.040;2.604.200.134.277.340;5.832.019.465.749.790;-2.362.084.737.620.890;8.712.535.814.918.740;0;;
-101.527.433.807.466;3.895.745.673.950.460;4.938.787.231.445.310;15.283.504.839.188.100;-1.715.703.400.802.130;875.035.102.429.841;0;;
-9.995.718.688.209.510;16.053.359.312.390.000;2.610.170.593.261.710;6.517.466.735.778.070;-3.027.935.335.578.940;11.790.709.188.358.000;0;;
-8.176.758.865.309.430;21.968.329.773.240.000;2.950.275.573.730.460;8.651.832.210.871.620;-16.301.943.270.301.800;6.438.669.026.431.010;1;;
-8.712.139.699.366.160;17.826.060.818.247.600;3.349.886.779.785.150;7.103.215.511.990.170;-20.816.358.832.893.400;8.445.545.912.683.800;0;;
-9.738.910.831.875.840;181.544.484.407.373;4.065.556.335.449.210;7.301.133.074.428.670;-27.091.481.504.863.400;15.160.552.618.289.300;0;;
-6.277.572.912.272.850;31.029.360.937.528.500;3.030.491.027.832.030;12.010.038.826.941.900;-0.4404458735336886;46.695.918.359.481.600;1;;
-8.680.113.633.974.310;189.451.473.916.252;3.250.061.950.683.590;7.528.801.525.533.600;-20.215.853.529.872.900;945.928.191.659.296;0;;
-13.292.601.632.522.200;4.596.942.495.194.360;3.671.780.395.507.810;1.824.483.584.932.390;-0.6468911525437736;4.658.936.249.233.130;1;;
-8.956.872.565.603.810;11.832.519.461.866.900;2.872.450.866.699.210;4.829.011.052.175.560;-28.220.544.537.733.000;12.132.342.961.003.600;0;;
-8.907.188.276.696.580;3.059.942.849.180.150;3.228.155.822.753.900;1.199.833.141.701.920;-0.3923001518539447;5.903.404.760.767.700;1;;
-7.870.037.886.230.750;19.208.899.759.089.700;2.890.181.579.589.840;7.578.366.598.900.080;-19.426.361.602.937.800;8.800.498.166.908.580;0;;
-10.389.816.396.985.500;22.525.872.824.074.100;5.398.504.028.320.310;9.021.966.937.725.600;-329.348.287.167.149;17.928.897.102.390.500;0;;
-7.619.564.215.921.950;1.868.282.620.926.570;24.329.347.229.003.900;7.362.472.931.469.970;-0.7621913757915513;37.737.894.477.814.500;0;;
-4.764.714.863.948.220;4.357.070.625.723.270;43.764.593.505.859.300;16.739.492.916.076.400;0.4794915674794033;6.979.830.779.709.760;1;;
-5.378.279.614.749.140;51.212.667.203.200.300;37.807.318.115.234.300;19.684.036.162.813.500;0.2395609313613691;5.768.509.934.693.740;1;;
-8.143.329.040.189.370;4.511.315.076.325.900;2.716.972.351.074.210;17.495.697.595.346.200;-0.0175133168237974;3.509.361.865.685.770;1;;
-8.201.094.013.632.650;2.494.202.649.844.430;23.214.425.659.179.600;9.789.902.385.929.570;0.6078518020334149;4.241.374.953.320.980;1;;
-8.487.067.576.161.810;1.238.336.612.014.800;28.901.593.017.578.100;5.008.222.399.034.400;-2.862.025.347.551.210;12.171.157.209.976.300;0;;
-506.332.103.613.343;37.617.148.356.346.900;2.730.345.458.984.370;14.475.259.556.310.700;0.538622237200951;5.216.953.076.894.450;1;;
-883.680.256.075.001;1.221.153.295.787.670;2.758.458.251.953.120;4.965.704.358.340.630;-2.223.732.106.196.360;9.630.171.229.141.250;0;;
-7.999.688.032.948.450;1.984.534.983.810.140;3.366.972.351.074.210;7.829.481.631.085.200;-17.473.316.595.859.500;8.267.376.746.973.890;0;;
-48.224.430.263.416.700;4.414.439.220.615.610;3.280.665.588.378.900;16.960.870.967.861.900;0.7047257245707002;5.726.538.360.210.320;1;;
-5.716.067.214.766.320;38.882.451.457.910.400;4.240.941.467.285.150;14.985.750.775.284.400;0.272014573520601;6.774.870.344.001.840;1;;
-4.937.715.893.368.220;25.912.045.724.132.100;3.239.390.563.964.840;999.676.820.393.044;0.7959638025945373;11.398.350.810.378.200;1;;
-9.305.640.926.914.240;17.339.022.004.254.500;35.587.615.966.796.800;6.957.940.120.623.950;-2.763.118.153.361.830;1.226.233.592.725.760;0;;
-960.595.825.781.182;4.129.656.454.356.700;414.595.703.125;16.136.219.855.493.500;-0.7714466535999458;46.989.776.679.707.400;1;;
-8.984.406.227.480.680;1.041.182.045.558.850;23.602.377.319.335.900;4.287.907.918.331.170;-2.224.268.886.009.010;7.824.688.762.669.720;0;;
-9.290.636.026.643.630;1.504.582.609.746.340;29.623.931.884.765.600;6.080.414.172.204.030;-21.459.493.315.858.400;8.980.622.462.248.260;0;;
-868.994.836.628.053;33.119.580.203.400.100;327.328.857.421.875;12.946.922.658.109.600;-0.4434182151522545;40.394.000.559.456.600;1;;
-8.551.495.374.598.420;4.241.918.104.725.860;6.254.242.553.710.930;16.492.106.491.810.100;-17.934.311.310.298.900;1.426.101.086.111.310;0;;
-9.614.662.326.012.370;29.132.283.239.985.200;4.069.837.036.132.810;11.487.670.952.662.800;-2.796.255.307.187.170;13.089.409.189.810.200;0;;
-5.117.957.262.446.670;4.556.756.224.993.640;3.269.236.145.019.530;1.751.603.379.748.240;0.6250538216995278;5.875.279.196.237.970;1;;
-9.980.294.279.384.940;17.368.023.130.117.100;2.936.875;7.018.753.619.188.510;-14.339.795.825.537.000;5.034.419.135.890.440;0;;
-8.448.771.976.900.960;17.899.166.018.462.700;33.370.318.603.515.600;7.113.882.292.797.800;-2.203.933.085.505.030;928.191.189.673.752;0;;
-732.141.227.124.679;15.465.187.590.248.400;30.306.182.861.328.100;61.156.656.597.543.000;-1.825.560.541.658.120;7.353.139.169.802.020;0;;
-1.016.786.157.257.230;3.169.397.104.625.890;3.490.357.360.839.840;1.250.857.476.692.140;-12.408.749.862.204.100;620.252.706.798.402;0;;
-8.579.076.879.355.640;2.768.484.356.980.330;24.599.501.037.597.600;10.862.448.553.088.200;-0.3062615864088506;3.704.423.586.934.690;1;;
-8.184.435.215.679.810;13.508.529.929.410.500;3.801.858.825.683.590;5.418.976.731.815.020;-3.591.482.957.467.450;2.313.357.427.597.700;0;;
-1.252.677.672.903.050;3.603.561.769.985.730;3.813.868.103.027.340;14.372.561.841.692.400;-24.908.906.142.657.800;913.307.667.323.934;0;;
-9.288.146.848.675.230;33.059.235.088.742.800;3.982.730.407.714.840;12.964.962.336.852.600;-10.287.071.638.680.800;630.798.929.416.922;1;;
-5.558.333.505.767.190;2.962.194.578.355.030;3.519.220.275.878.900;11.439.588.641.215.900;-0.5777127310108466;6.930.600.884.360.600;1;;
-8.788.606.047.610.420;15.513.146.515.171.600;3.265.967.102.050.780;62.243.343.350.046.900;-2.835.467.002.802.310;13.122.999.462.150.900;0;;
-9.742.927.402.917.980;1.777.463.810.535.320;2.972.720.642.089.840;715.626.863.646.074;-25.194.174.221.681.100;9.802.079.873.717.680;0;;
-8.251.102.053.860.230;23.037.137.497.769.400;5.189.994.506.835.930;9.064.998.330.111.950;-3.670.778.910.605.410;2.373.992.373.698.330;0;;
-9.545.670.152.518.530;14.908.866.973.249.800;2.576.874.389.648.430;60.464.289.040.972.100;-2.448.784.639.410.320;8.366.445.826.339.300;0;;
-71.519.564.470.555;5.610.206.698.737.400;3.842.895.202.636.710;21.637.707.141.035;0.2136590973501528;612.060.950.481.473;1;;
-8.500.808.149.899.150;2.158.034.073.025.400;2.480.504.302.978.510;8.524.198.238.330.810;-12.342.159.061.862.600;5.871.989.326.581.770;0;;
-8.509.016.995.333.530;18.070.655.719.208.800;3.026.027.526.855.460;718.333.029.688.874;-2.078.959.792.732.910;9.192.380.965.797.000;0;;
